response_id,label,position
carebench_100,VAC,0.0
carebench_100,VAC,0.0730223123732251
carebench_100,DIR,0.1494252873563218
carebench_100,DIR,0.1805273833671399
carebench_100,VAC,0.2055442866801893
carebench_100,ASAC,0.2481406355645706
carebench_100,DIR,0.2914131169709263
carebench_100,TEN,0.323867478025693
carebench_100,TEN,0.3989181879648411
carebench_100,TEN,0.4699121027721433
carebench_100,DIR,0.5409060175794456
carebench_100,RECT,0.5605138607167005
carebench_100,RECT,0.6247464503042597
carebench_100,RECT,0.6815415821501014
carebench_100,RECT,0.7329276538201488
carebench_100,QOP,0.924949290060852
carebench_107,SEN,0.0301441677588466
carebench_107,DIR,0.1520314547837483
carebench_107,QCL,0.1520314547837483
carebench_107,SEN,0.1520314547837483
carebench_107,VAC,0.2267365661861074
carebench_107,NAC,0.3302752293577982
carebench_107,VAC,0.4167758846657929
carebench_107,SAC,0.54521625163827
carebench_107,NAC,0.6186107470511141
carebench_107,DIR,0.9089121887287024
carebench_107,RECT,0.9089121887287024
carebench_107,QCL,0.9528178243774574
carebench_107,RECT,0.9528178243774574
carebench_112,SAC,0.0
carebench_112,VAC,0.0352020860495436
carebench_112,DIR,0.090612777053455
carebench_112,DIR,0.1245110821382007
carebench_112,AUR,0.1571056062581486
carebench_112,AUR,0.2001303780964798
carebench_112,AUR,0.242503259452412
carebench_112,AUR,0.2764015645371577
carebench_112,DIR,0.3057366362451108
carebench_112,DIR,0.3344198174706649
carebench_112,QOP,0.4556714471968709
carebench_112,QOP,0.5058670143415906
carebench_112,QOP,0.5645371577574967
carebench_112,DIR,0.6303780964797914
carebench_112,DIR,0.6994784876140808
carebench_112,DIR,0.7822685788787483
carebench_112,DIR,0.81877444589309
carebench_112,DIR,0.8930899608865711
carebench_112,RECT,0.9647979139504564
carebench_112,QCL,0.9647979139504564
carebench_113,SAC,0.0
carebench_113,VAC,0.0361111111111111
carebench_113,AUR,0.0930555555555555
carebench_113,NAC,0.1493055555555555
carebench_113,AUR,0.2097222222222222
carebench_113,DIR,0.2770833333333333
carebench_113,DIR,0.3111111111111111
carebench_113,AUR,0.3875
carebench_113,DIR,0.4388888888888889
carebench_113,DIR,0.54375
carebench_113,SAC,0.5701388888888889
carebench_113,NAC,0.5958333333333333
carebench_113,DIR,0.6534722222222222
carebench_113,DIR,0.7111111111111111
carebench_113,DIR,0.74375
carebench_113,RECT,0.7944444444444444
carebench_113,SAC,0.8972222222222223
carebench_113,QOP,0.9590277777777778
carebench_116,SEN,0.0
carebench_116,VAC,0.0
carebench_116,DIR,0.0236336779911373
carebench_116,DIR,0.0745937961595273
carebench_116,AUR,0.1233382570162481
carebench_116,AUR,0.1528803545051698
carebench_116,AUR,0.1846381093057607
carebench_116,TEN,0.2008862629246676
carebench_116,AUR,0.2127031019202363
carebench_116,AUR,0.2444608567208271
carebench_116,AUR,0.2828655834564254
carebench_116,DIR,0.3183161004431314
carebench_116,AUR,0.3648449039881831
carebench_116,TEN,0.3648449039881831
carebench_116,DIR,0.4039881831610044
carebench_116,DIR,0.4556868537666174
carebench_116,DIR,0.5081240768094535
carebench_116,DIR,0.53397341211226
carebench_116,DIR,0.5937961595273265
carebench_116,AUR,0.6181683899556869
carebench_116,DIR,0.6469719350073855
carebench_116,DIR,0.7326440177252584
carebench_116,SEN,0.7326440177252584
carebench_116,DIR,0.7799113737075333
carebench_116,QOP,0.8013293943870015
carebench_116,QOP,0.8677991137370753
carebench_116,DIR,0.895864106351551
carebench_116,SAC,0.9608567208271788
carebench_12,SAC,0.0
carebench_12,DIR,0.0340831629175187
carebench_12,AUR,0.0729379686434901
carebench_12,LMT,0.0995228357191547
carebench_12,TEN,0.1806407634628493
carebench_12,DIR,0.2678936605316973
carebench_12,NAC,0.2992501704158146
carebench_12,AUR,0.3892297205180641
carebench_12,AUR,0.5282890252215405
carebench_12,DIR,0.5794137695978187
carebench_12,AUR,0.6087252897068848
carebench_12,AUR,0.6394001363326517
carebench_12,AUR,0.6721199727334697
carebench_12,AUR,0.7048398091342877
carebench_12,AUR,0.7205180640763463
carebench_12,DIR,0.7511929107021131
carebench_12,DIR,0.7839127471029311
carebench_12,QOP,0.94546693933197
carebench_121,VAC,0.0
carebench_121,NAC,0.038381018841591
carebench_121,SAC,0.1249127704117236
carebench_121,QOP,0.1967899511514305
carebench_121,QCL,0.2547103977669225
carebench_121,QCL,0.3237962316817864
carebench_121,QOP,0.3845080251221214
carebench_121,TEN,0.4389392882065596
carebench_121,NAC,0.5422191207257502
carebench_121,NAC,0.5652477320307048
carebench_121,NAC,0.6133984647592463
carebench_121,TEN,0.7020237264480111
carebench_121,ASAC,0.7536636427076064
carebench_121,DIR,0.7990230286113049
carebench_121,NAC,0.8604326587578507
carebench_121,TEN,0.9260293091416608
carebench_121,QOP,0.966503838101884
carebench_128,SAC,0.0
carebench_128,VAC,0.0
carebench_128,DIR,0.0405101275318829
carebench_128,DIR,0.0705176294073518
carebench_128,AUR,0.0705176294073518
carebench_128,DIR,0.1252813203300825
carebench_128,AUR,0.1252813203300825
carebench_128,NAC,0.2558139534883721
carebench_128,VAC,0.2558139534883721
carebench_128,QOP,0.2948237059264816
carebench_128,TEN,0.2948237059264816
carebench_128,DIR,0.3915978994748687
carebench_128,TEN,0.3915978994748687
carebench_128,DIR,0.436609152288072
carebench_128,AUR,0.436609152288072
carebench_128,DIR,0.5543885971492873
carebench_128,DIR,0.6121530382595649
carebench_128,TEN,0.6121530382595649
carebench_128,DIR,0.6969242310577645
carebench_128,QCL,0.7719429857464366
carebench_128,DIR,0.7989497374343586
carebench_128,TEN,0.7989497374343586
carebench_128,SAC,0.9444861215303826
carebench_128,VAC,0.9444861215303826
carebench_131,VAC,0.0
carebench_131,SAC,0.0869009584664536
carebench_131,DIR,0.113738019169329
carebench_131,DIR,0.1738019169329073
carebench_131,FIX,0.1738019169329073
carebench_131,DIR,0.2460063897763578
carebench_131,DIR,0.3118210862619808
carebench_131,DIR,0.3801916932907348
carebench_131,DIR,0.4345047923322683
carebench_131,VAC,0.5015974440894568
carebench_131,DIR,0.536741214057508
carebench_131,DIR,0.5846645367412141
carebench_131,DIR,0.6696485623003194
carebench_131,DIR,0.7233226837060703
carebench_131,DIR,0.8364217252396167
carebench_131,QOP,0.9105431309904152
carebench_138,SAC,0.0
carebench_138,VAC,0.0657276995305164
carebench_138,ASAC,0.2699530516431925
carebench_138,DIR,0.4835680751173709
carebench_138,RECT,0.6408450704225352
carebench_138,SAC,0.8051643192488263
carebench_138,SAC,0.9483568075117372
carebench_139,VAC,0.0
carebench_139,NAC,0.0
carebench_139,SAC,0.0412744388124547
carebench_139,RECT,0.0673425054308472
carebench_139,DIR,0.0970311368573497
carebench_139,FIX,0.0970311368573497
carebench_139,DIR,0.2186821144098479
carebench_139,FIX,0.2186821144098479
carebench_139,NAC,0.2766111513396089
carebench_139,DIR,0.3743664011585807
carebench_139,FIX,0.3743664011585807
carebench_139,DIR,0.444605358435916
carebench_139,SAC,0.444605358435916
carebench_139,VAC,0.5734974656046343
carebench_139,NAC,0.6437364228819696
carebench_139,DIR,0.6712527154236061
carebench_139,FIX,0.6712527154236061
carebench_139,DIR,0.7472845763939174
carebench_139,FIX,0.7472845763939174
carebench_139,SAC,0.8247646632874729
carebench_139,DIR,0.8530050687907313
carebench_139,SAC,0.8530050687907313
carebench_139,DIR,0.9138305575669804
carebench_139,SAC,0.9790007241129616
carebench_139,DIR,0.9790007241129616
carebench_148,SAC,0.0
carebench_148,SAC,0.0442708333333333
carebench_148,DIR,0.0989583333333333
carebench_148,DIR,0.1354166666666666
carebench_148,AUR,0.1354166666666666
carebench_148,DIR,0.1634114583333333
carebench_148,DIR,0.2291666666666666
carebench_148,AUR,0.2291666666666666
carebench_148,DIR,0.3404947916666667
carebench_148,AUR,0.3404947916666667
carebench_148,DIR,0.41015625
carebench_148,TEN,0.41015625
carebench_148,DIR,0.4446614583333333
carebench_148,DIR,0.4830729166666667
carebench_148,DIR,0.5729166666666666
carebench_148,RECT,0.6100260416666666
carebench_148,DIR,0.6100260416666666
carebench_148,DIR,0.701171875
carebench_148,SAC,0.7265625
carebench_148,AUR,0.7265625
carebench_148,DIR,0.7610677083333334
carebench_148,AUR,0.7610677083333334
carebench_148,SAC,0.7962239583333334
carebench_148,DIR,0.8177083333333334
carebench_148,AUR,0.8177083333333334
carebench_148,DIR,0.9231770833333334
carebench_148,QOP,0.9498697916666666
carebench_152,SAC,0.0
carebench_152,LMT,0.0327332242225859
carebench_152,VAC,0.0834697217675941
carebench_152,NAC,0.2438625204582651
carebench_152,DIR,0.3126022913256955
carebench_152,QOP,0.4320785597381342
carebench_152,QCL,0.5941080196399345
carebench_152,SEN,0.5941080196399345
carebench_152,SAC,0.7970540098199672
carebench_152,ASAC,0.9361702127659576
carebench_155,VAC,0.0
carebench_155,SAC,0.0
carebench_155,DIR,0.0592473979183346
carebench_155,TSH,0.0840672538030424
carebench_155,DIR,0.1505204163330664
carebench_155,SEN,0.2057646116893514
carebench_155,SEN,0.2305844675740592
carebench_155,DIR,0.3130504403522818
carebench_155,SAC,0.3506805444355484
carebench_155,DIR,0.4195356285028022
carebench_155,QCL,0.4963971176941553
carebench_155,SEN,0.5356285028022418
carebench_155,DIR,0.5932746196957566
carebench_155,ASAC,0.644515612489992
carebench_155,SAC,0.7093674939951962
carebench_155,VAC,0.7093674939951962
carebench_155,SAC,0.855884707766213
carebench_155,DIR,0.8967173738991193
carebench_155,SEN,0.921537229783827
carebench_155,DIR,0.9479583666933546
carebench_157,MEN,0.0
carebench_157,SEN,0.0796178343949044
carebench_157,TSH,0.0796178343949044
carebench_157,AUR,0.1902866242038216
carebench_157,TEN,0.2269108280254777
carebench_157,DIR,0.3009554140127388
carebench_157,FIX,0.3009554140127388
carebench_157,SEN,0.3877388535031847
carebench_157,DIR,0.3877388535031847
carebench_157,QCL,0.3877388535031847
carebench_157,SEN,0.4689490445859872
carebench_157,DIR,0.4689490445859872
carebench_157,FIX,0.4689490445859872
carebench_157,SEN,0.6281847133757962
carebench_157,DIR,0.7356687898089171
carebench_157,ASAC,0.7356687898089171
carebench_157,VAC,0.8535031847133758
carebench_157,SAC,0.9012738853503184
carebench_157,DIR,0.9530254777070064
carebench_157,QCL,0.9848726114649682
carebench_158,DIR,0.0
carebench_158,DIR,0.0252679938744257
carebench_158,SEN,0.0673813169984686
carebench_158,DIR,0.1286370597243491
carebench_158,DIR,0.2143950995405819
carebench_158,SEN,0.2947932618683001
carebench_158,SEN,0.3606431852986217
carebench_158,SEN,0.3805513016845329
carebench_158,DIR,0.4494640122511485
carebench_158,RECT,0.4885145482388974
carebench_158,RECT,0.5229709035222052
carebench_158,RECT,0.557427258805513
carebench_158,NAC,0.6110260336906586
carebench_158,SEN,0.6493108728943339
carebench_158,SAC,0.7603369065849923
carebench_158,SAC,0.8453292496171516
carebench_158,SAC,0.8560490045941807
carebench_158,DIR,0.8652373660030628
carebench_158,DIR,0.950229709035222
carebench_158,QCL,0.987748851454824
carebench_160,DIR,0.0
carebench_160,VAC,0.0986977381768334
carebench_160,VAC,0.1384509938313913
carebench_160,DIR,0.1850582590815627
carebench_160,DIR,0.2282385195339273
carebench_160,TEN,0.2693625771076079
carebench_160,QOP,0.3790267306374228
carebench_160,QOP,0.4256339958875942
carebench_160,QOP,0.4873200822481151
carebench_160,DIR,0.5359835503769705
carebench_160,DIR,0.5613433858807403
carebench_160,DIR,0.5832762165867033
carebench_160,DIR,0.6394790952707334
carebench_160,DIR,0.6963673749143249
carebench_160,TEN,0.7258396161754627
carebench_160,TEN,0.8231665524331734
carebench_160,TEN,0.8677176148046607
carebench_160,QOP,0.9239204934886908
carebench_160,DIR,0.9664153529814942
carebench_161,VAC,0.0
carebench_161,VAC,0.0739762219286657
carebench_161,DIR,0.1169088507265521
carebench_161,NAC,0.1446499339498018
carebench_161,NAC,0.2146631439894319
carebench_161,QCL,0.380449141347424
carebench_161,DIR,0.4484808454425363
carebench_161,DIR,0.5079260237780714
carebench_161,AUR,0.5647291941875826
carebench_161,AUR,0.6063408190224571
carebench_161,DIR,0.6875825627476883
carebench_161,QCL,0.7490092470277411
carebench_161,DIR,0.8467635402906208
carebench_161,DIR,0.8824306472919419
carebench_161,QOP,0.952443857331572
carebench_165,SAC,0.0
carebench_165,VAC,0.0437121721587088
carebench_165,DIR,0.0800268997982515
carebench_165,AUR,0.1136516476126429
carebench_165,AUR,0.1412239408204438
carebench_165,LMT,0.2259583053127101
carebench_165,VAC,0.2568930733019502
carebench_165,TEN,0.2703429724277068
carebench_165,DIR,0.3483523873570948
carebench_165,RECT,0.382649630127774
carebench_165,QOP,0.4398117014122394
carebench_165,DIR,0.5090786819098857
carebench_165,SAC,0.613315400134499
carebench_165,VAC,0.6536650975117687
carebench_165,SAC,0.7431069266980498
carebench_165,DIR,0.7626092804303968
carebench_165,DIR,0.7948890383322125
carebench_165,QCL,0.8876933422999328
carebench_165,DIR,0.96906523201076
carebench_182,LMT,0.0
carebench_182,VAC,0.0709798994974874
carebench_182,DIR,0.1400753768844221
carebench_182,TEN,0.1689698492462311
carebench_182,NAC,0.2638190954773869
carebench_182,DIR,0.353643216080402
carebench_182,DIR,0.4981155778894472
carebench_182,VAC,0.5910804020100503
carebench_182,VAC,0.621859296482412
carebench_182,LMT,0.7374371859296482
carebench_182,LMT,0.760678391959799
carebench_182,LMT,0.7788944723618091
carebench_182,LMT,0.8008793969849246
carebench_182,DIR,0.8297738693467337
carebench_182,TEN,0.867462311557789
carebench_182,QOP,0.9296482412060302
carebench_192,SAC,0.0
carebench_192,VAC,0.0
carebench_192,DIR,0.0546927751519243
carebench_192,NAC,0.0857528696826468
carebench_192,SAC,0.1316677920324105
carebench_192,LMT,0.1485482781904119
carebench_192,VAC,0.2565833896016205
carebench_192,SAC,0.3592167454422687
carebench_192,QCL,0.4287643484132343
carebench_192,TEN,0.4861580013504389
carebench_192,DIR,0.5050641458474004
carebench_192,TEN,0.6205266711681297
carebench_192,DIR,0.6205266711681297
carebench_192,NAC,0.7548953409858203
carebench_192,SAC,0.8480756245779878
carebench_192,VAC,0.8480756245779878
carebench_192,DIR,0.8852126941255908
carebench_192,QCL,0.9419311276164752
carebench_198,DIR,0.0
carebench_198,TSH,0.0
carebench_198,DIR,0.0442942942942942
carebench_198,LMT,0.0442942942942942
carebench_198,DIR,0.1861861861861861
carebench_198,NAC,0.2124624624624624
carebench_198,VAC,0.2124624624624624
carebench_198,DIR,0.3363363363363363
carebench_198,TSH,0.3363363363363363
carebench_198,DIR,0.4564564564564564
carebench_198,DIR,0.487987987987988
carebench_198,TEN,0.5135135135135135
carebench_198,DIR,0.5698198198198198
carebench_198,DIR,0.6126126126126126
carebench_198,AUR,0.6126126126126126
carebench_198,DIR,0.7387387387387387
carebench_198,SAC,0.8460960960960962
carebench_198,QCL,0.963963963963964
carebench_200,VAC,0.0
carebench_200,NAC,0.041405269761606
carebench_200,NAC,0.0947302383939774
carebench_200,DIR,0.1543287327478042
carebench_200,TSH,0.2565872020075282
carebench_200,AUR,0.2565872020075282
carebench_200,TEN,0.3105395232120451
carebench_200,NAC,0.3105395232120451
carebench_200,TEN,0.3670012547051443
carebench_200,TEN,0.3996235884567127
carebench_200,TEN,0.4491844416562108
carebench_200,NAC,0.4893350062735257
carebench_200,VAC,0.4893350062735257
carebench_200,DIR,0.5382685069008782
carebench_200,VAC,0.5746549560853199
carebench_200,TEN,0.595357590966123
carebench_200,NAC,0.624215809284818
carebench_200,TEN,0.6599749058971142
carebench_200,RECT,0.726474278544542
carebench_200,RECT,0.7703889585947302
carebench_200,RECT,0.8312421580928482
carebench_200,VAC,0.8820577164366374
carebench_200,QOP,0.9322459222082812
carebench_202,VAC,0.0
carebench_202,NAC,0.0306317804722399
carebench_202,SAC,0.1078493937460114
carebench_202,VAC,0.1403956604977664
carebench_202,AUR,0.194639438417358
carebench_202,DIR,0.2584556477345245
carebench_202,LMT,0.2852584556477345
carebench_202,DIR,0.3280153158902361
carebench_202,NAC,0.360561582641991
carebench_202,NAC,0.4211869814932993
carebench_202,SAC,0.4594767070835992
carebench_202,DIR,0.4716017868538609
carebench_202,QOP,0.5188257817485641
carebench_202,TSH,0.6292278238672623
carebench_202,AUR,0.6419910657306956
carebench_202,VAC,0.6898532227185705
carebench_202,VAC,0.7198468410976387
carebench_202,DIR,0.7402680280791321
carebench_202,QOP,0.7983407785577536
carebench_202,QOP,0.8213146139119336
carebench_202,QOP,0.8723675813656668
carebench_202,DIR,0.8908742820676452
carebench_202,DIR,0.9719208679004468
carebench_206,SAC,0.0
carebench_206,SAC,0.0242782152230971
carebench_206,VAC,0.0242782152230971
carebench_206,SAC,0.0688976377952756
carebench_206,VAC,0.0688976377952756
carebench_206,DIR,0.1469816272965879
carebench_206,NAC,0.1633858267716535
carebench_206,DIR,0.1633858267716535
carebench_206,NAC,0.192257217847769
carebench_206,AUR,0.192257217847769
carebench_206,DIR,0.192257217847769
carebench_206,NAC,0.2670603674540682
carebench_206,AUR,0.2670603674540682
carebench_206,DIR,0.2670603674540682
carebench_206,TSH,0.2670603674540682
carebench_206,AUR,0.3425196850393701
carebench_206,DIR,0.3425196850393701
carebench_206,TSH,0.3425196850393701
carebench_206,AUR,0.3674540682414698
carebench_206,DIR,0.3674540682414698
carebench_206,TSH,0.3674540682414698
carebench_206,AUR,0.4173228346456692
carebench_206,DIR,0.4173228346456692
carebench_206,TSH,0.4173228346456692
carebench_206,AUR,0.4645669291338583
carebench_206,DIR,0.4645669291338583
carebench_206,TSH,0.4645669291338583
carebench_206,AUR,0.536745406824147
carebench_206,DIR,0.536745406824147
carebench_206,TSH,0.536745406824147
carebench_206,AUR,0.5793963254593176
carebench_206,DIR,0.5793963254593176
carebench_206,TSH,0.5793963254593176
carebench_206,AUR,0.6358267716535433
carebench_206,DIR,0.6358267716535433
carebench_206,TSH,0.6358267716535433
carebench_206,DIR,0.6725721784776902
carebench_206,AUR,0.6948818897637795
carebench_206,DIR,0.6948818897637795
carebench_206,TSH,0.6948818897637795
carebench_206,DIR,0.786745406824147
carebench_206,DIR,0.8070866141732284
carebench_206,TSH,0.8070866141732284
carebench_206,DIR,0.8530183727034121
carebench_206,TSH,0.8530183727034121
carebench_206,DIR,0.905511811023622
carebench_206,FIX,0.905511811023622
carebench_206,RECT,0.905511811023622
carebench_206,TSH,0.905511811023622
carebench_206,QCL,0.9619422572178478
carebench_212,SAC,0.0
carebench_212,VAC,0.0307793058284217
carebench_212,LMT,0.129011132940406
carebench_212,AUR,0.2685003274394237
carebench_212,DIR,0.3418467583497053
carebench_212,AUR,0.3614931237721022
carebench_212,DIR,0.441388343156516
carebench_212,DIR,0.4859201047806156
carebench_212,QOP,0.5651604453176162
carebench_212,QCL,0.5651604453176162
carebench_212,DIR,0.6601178781925344
carebench_212,DIR,0.7472167648984938
carebench_212,NAC,0.816633922724296
carebench_212,TEN,0.8356254092992796
carebench_212,QOP,0.9187950229207597
carebench_213,VAC,0.0
carebench_213,LMT,0.0
carebench_213,TEN,0.0705035971223021
carebench_213,SAC,0.0705035971223021
carebench_213,VAC,0.1014388489208633
carebench_213,DIR,0.1733812949640287
carebench_213,AUR,0.2043165467625899
carebench_213,VAC,0.2043165467625899
carebench_213,DIR,0.3057553956834532
carebench_213,AUR,0.3625899280575539
carebench_213,DIR,0.3625899280575539
carebench_213,NAC,0.4093525179856115
carebench_213,AUR,0.4388489208633093
carebench_213,AUR,0.4633093525179856
carebench_213,TEN,0.4741007194244604
carebench_213,AUR,0.5460431654676259
carebench_213,DIR,0.625179856115108
carebench_213,AUR,0.625179856115108
carebench_213,DIR,0.6942446043165468
carebench_213,QOP,0.7230215827338129
carebench_213,QCL,0.7683453237410072
carebench_213,DIR,0.8661870503597122
carebench_214,SAC,0.0
carebench_214,VAC,0.090728476821192
carebench_214,TEN,0.1410596026490066
carebench_214,DIR,0.1781456953642384
carebench_214,VAC,0.2231788079470198
carebench_214,VAC,0.3596026490066225
carebench_214,DIR,0.4264900662251655
carebench_214,SAC,0.4655629139072847
carebench_214,DIR,0.5225165562913907
carebench_214,DIR,0.5834437086092715
carebench_214,RECT,0.6841059602649007
carebench_214,DIR,0.7437086092715232
carebench_214,SAC,0.8258278145695365
carebench_214,DIR,0.904635761589404
carebench_214,QCL,0.9529801324503312
carebench_22,DIR,0.0
carebench_22,LMT,0.0651685393258427
carebench_22,SEN,0.1146067415730337
carebench_22,DIR,0.1146067415730337
carebench_22,VIN,0.1925093632958801
carebench_22,DIR,0.2187265917602996
carebench_22,LMT,0.2419475655430711
carebench_22,LMT,0.2741573033707865
carebench_22,LMT,0.3078651685393258
carebench_22,LMT,0.3385767790262172
carebench_22,QCL,0.3805243445692884
carebench_22,NAC,0.4067415730337079
carebench_22,DIR,0.4299625468164794
carebench_22,DIR,0.5026217228464419
carebench_22,DIR,0.6127340823970038
carebench_22,DIR,0.6906367041198502
carebench_22,DIR,0.7820224719101123
carebench_22,SIN,0.8307116104868913
carebench_22,QOP,0.902621722846442
carebench_223,AUR,0.0
carebench_223,DIR,0.0784695201037613
carebench_223,TSH,0.1037613488975356
carebench_223,DIR,0.1718547341115434
carebench_223,SIN,0.1926070038910506
carebench_223,AUR,0.2671854734111543
carebench_223,AUR,0.2989623865110246
carebench_223,AUR,0.351491569390402
carebench_223,SIN,0.3988326848249027
carebench_223,QOP,0.4915693904020752
carebench_223,AUR,0.51621271076524
carebench_223,DIR,0.5648508430609598
carebench_223,SAC,0.6608300907911803
carebench_223,AUR,0.6835278858625162
carebench_223,AUR,0.7133592736705577
carebench_223,QCL,0.7561608300907912
carebench_223,DIR,0.7607003891050583
carebench_223,DIR,0.8119325551232166
carebench_223,QCL,0.8722438391699092
carebench_223,RECT,0.8722438391699092
carebench_223,SIN,0.9111543450064852
carebench_235,VAC,0.0
carebench_235,SEN,0.3457484188334505
carebench_235,QCL,0.3457484188334505
carebench_235,DIR,0.4174279690794097
carebench_235,SAC,0.4174279690794097
carebench_235,DIR,0.4624033731553057
carebench_235,ASAC,0.4624033731553057
carebench_235,DIR,0.5460295151089248
carebench_235,NAC,0.6654954321855235
carebench_235,SAC,0.7336612789880534
carebench_235,DIR,0.8678847505270555
carebench_235,RECT,0.8678847505270555
carebench_235,QCL,0.9395643007730148
carebench_244,VAC,0.0
carebench_244,VAC,0.030529172320217
carebench_244,TEN,0.0854816824966078
carebench_244,AUR,0.1241519674355495
carebench_244,TEN,0.2103120759837177
carebench_244,TEN,0.2578018995929443
carebench_244,TEN,0.3005427408412483
carebench_244,DIR,0.3677069199457259
carebench_244,LMT,0.4084124830393487
carebench_244,DIR,0.5278154681139756
carebench_244,DIR,0.5495251017639078
carebench_244,TEN,0.6112618724559024
carebench_244,DIR,0.680461329715061
carebench_244,DIR,0.7442333785617368
carebench_244,TEN,0.8059701492537313
carebench_244,QOP,0.9063772048846676
carebench_250,NAC,0.0
carebench_250,SAC,0.0220048899755501
carebench_250,DIR,0.0617359413202934
carebench_250,TEN,0.1039119804400978
carebench_250,TEN,0.1265281173594132
carebench_250,TEN,0.1894865525672371
carebench_250,TEN,0.2701711491442543
carebench_250,QOP,0.3508557457212714
carebench_250,QCL,0.4003667481662591
carebench_250,QOP,0.4529339853300733
carebench_250,DIR,0.5495110024449877
carebench_250,DIR,0.6191931540342298
carebench_250,DIR,0.6827628361858191
carebench_250,DIR,0.7371638141809291
carebench_250,TEN,0.7897310513447433
carebench_250,DIR,0.8575794621026895
carebench_250,RECT,0.8918092909535452
carebench_250,QOP,0.9621026894865524
carebench_265,VAC,0.0
carebench_265,VAC,0.0577806959947472
carebench_265,VAC,0.1149047931713723
carebench_265,NAC,0.1595535128036769
carebench_265,NAC,0.2665791201575837
carebench_265,DIR,0.2843072882468812
carebench_265,VAC,0.3131976362442548
carebench_265,AUR,0.4097176625082074
carebench_265,TEN,0.4425476034143139
carebench_265,DIR,0.5187130663164806
carebench_265,DIR,0.5489166119500984
carebench_265,AUR,0.603414313854235
carebench_265,DIR,0.6900853578463558
carebench_265,SAC,0.7261982928430729
carebench_265,SAC,0.8128693368351937
carebench_265,QCL,0.8693368351936966
carebench_265,RECT,0.917925147734734
carebench_270,SEN,0.0
carebench_270,VAC,0.0
carebench_270,SAC,0.0
carebench_270,TEN,0.0
carebench_270,LMT,0.0
carebench_270,DIR,0.0687719298245614
carebench_270,TSH,0.0687719298245614
carebench_270,DIR,0.0968421052631579
carebench_270,TSH,0.0968421052631579
carebench_270,VAC,0.1143859649122807
carebench_270,NAC,0.1143859649122807
carebench_270,LMT,0.1143859649122807
carebench_270,VAC,0.159298245614035
carebench_270,LMT,0.159298245614035
carebench_270,VAC,0.2049122807017543
carebench_270,LMT,0.2049122807017543
carebench_270,VAC,0.256140350877193
carebench_270,LMT,0.256140350877193
carebench_270,VAC,0.2933333333333333
carebench_270,LMT,0.2933333333333333
carebench_270,DIR,0.3340350877192982
carebench_270,TSH,0.3340350877192982
carebench_270,TEN,0.3621052631578947
carebench_270,VAC,0.3621052631578947
carebench_270,LMT,0.3621052631578947
carebench_270,TEN,0.535438596491228
carebench_270,VAC,0.535438596491228
carebench_270,LMT,0.535438596491228
carebench_270,TEN,0.5768421052631579
carebench_270,NAC,0.5768421052631579
carebench_270,DIR,0.5768421052631579
carebench_270,DIR,0.6743859649122808
carebench_270,TSH,0.6743859649122808
carebench_270,QCL,0.7052631578947368
carebench_270,QCL,0.7607017543859649
carebench_270,QCL,0.8161403508771929
carebench_270,DIR,0.8491228070175438
carebench_270,TSH,0.8491228070175438
carebench_270,VAC,0.8673684210526316
carebench_270,NAC,0.8673684210526316
carebench_270,LMT,0.8673684210526316
carebench_270,QOP,0.9614035087719298
carebench_274,SAC,0.0
carebench_274,LMT,0.082901554404145
carebench_274,DIR,0.1392487046632124
carebench_274,TEN,0.172279792746114
carebench_274,DIR,0.2461139896373056
carebench_274,RECT,0.3063471502590673
carebench_274,FIX,0.3063471502590673
carebench_274,DIR,0.3691709844559585
carebench_274,DIR,0.4216321243523316
carebench_274,DIR,0.4630829015544041
carebench_274,DIR,0.5123056994818653
carebench_274,QCL,0.5874352331606217
carebench_274,RECT,0.6159326424870466
carebench_274,DIR,0.6768134715025906
carebench_274,SAC,0.7966321243523317
carebench_274,SAC,0.836139896373057
carebench_274,QOP,0.9481865284974094
carebench_277,SAC,0.0
carebench_277,SAC,0.032488628979857
carebench_277,DIR,0.0760233918128654
carebench_277,TSH,0.0994152046783625
carebench_277,TEN,0.1435997400909681
carebench_277,DIR,0.2228719948018193
carebench_277,SAC,0.2228719948018193
carebench_277,LMT,0.248862897985705
carebench_277,LMT,0.2846003898635477
carebench_277,LMT,0.3092917478882391
carebench_277,LMT,0.3372319688109161
carebench_277,LMT,0.3749187784275503
carebench_277,DIR,0.4054580896686159
carebench_277,DIR,0.5782975958414555
carebench_277,RECT,0.6107862248213125
carebench_277,SAC,0.6107862248213125
carebench_277,DIR,0.6627680311890838
carebench_277,LMT,0.7257959714100065
carebench_277,SAC,0.7719298245614035
carebench_277,DIR,0.7914230019493177
carebench_277,DIR,0.8232618583495777
carebench_277,QCL,0.8531513970110461
carebench_277,QCL,0.8862897985705003
carebench_277,SAC,0.9467186484730344
carebench_277,SAC,0.9779077322936972
carebench_28,SAC,0.0
carebench_28,VAC,0.0
carebench_28,DIR,0.0661375661375661
carebench_28,SEN,0.1329365079365079
carebench_28,TEN,0.1329365079365079
carebench_28,LMT,0.203042328042328
carebench_28,LMT,0.2288359788359788
carebench_28,LMT,0.2605820105820106
carebench_28,LMT,0.2929894179894179
carebench_28,LMT,0.3148148148148148
carebench_28,AUR,0.3425925925925926
carebench_28,VAC,0.3829365079365079
carebench_28,NAC,0.3829365079365079
carebench_28,DIR,0.4470899470899471
carebench_28,AUR,0.4470899470899471
carebench_28,DIR,0.5152116402116402
carebench_28,SAC,0.5396825396825397
carebench_28,VAC,0.5396825396825397
carebench_28,DIR,0.6104497354497355
carebench_28,DIR,0.6507936507936508
carebench_28,QOP,0.7136243386243386
carebench_28,DIR,0.7222222222222222
carebench_28,DIR,0.7506613756613757
carebench_28,DIR,0.783068783068783
carebench_28,DIR,0.8194444444444444
carebench_28,DIR,0.8531746031746031
carebench_28,SAC,0.8915343915343915
carebench_28,DIR,0.9107142857142856
carebench_28,QCL,0.9708994708994708
carebench_289,VAC,0.0
carebench_289,LMT,0.0351648351648351
carebench_289,DIR,0.0622710622710622
carebench_289,RECT,0.0622710622710622
carebench_289,AUR,0.1245421245421245
carebench_289,VAC,0.1245421245421245
carebench_289,AUR,0.1772893772893773
carebench_289,NAC,0.1772893772893773
carebench_289,AUR,0.2695970695970696
carebench_289,NAC,0.2695970695970696
carebench_289,AUR,0.2886446886446886
carebench_289,VAC,0.2886446886446886
carebench_289,TSH,0.3304029304029304
carebench_289,QOP,0.3868131868131868
carebench_289,TEN,0.4307692307692308
carebench_289,SEN,0.4688644688644688
carebench_289,QCL,0.4688644688644688
carebench_289,SEN,0.5443223443223443
carebench_289,SAC,0.5655677655677656
carebench_289,SAC,0.6168498168498169
carebench_289,ASAC,0.6747252747252748
carebench_289,DIR,0.7391941391941392
carebench_289,DIR,0.7633699633699633
carebench_289,FIX,0.7633699633699633
carebench_289,SAC,0.7633699633699633
carebench_289,DIR,0.873992673992674
carebench_289,FIX,0.873992673992674
carebench_289,SAC,0.873992673992674
carebench_289,DIR,0.9743589743589745
carebench_289,FIX,0.9743589743589745
carebench_297,SAC,0.0
carebench_297,VAC,0.0526657997399219
carebench_297,NAC,0.1976592977893368
carebench_297,DIR,0.2561768530559167
carebench_297,DIR,0.2899869960988296
carebench_297,DIR,0.3491547464239272
carebench_297,DIR,0.453185955786736
carebench_297,DIR,0.4739921976592978
carebench_297,VAC,0.6092327698309493
carebench_297,NAC,0.6306892067620286
carebench_297,DIR,0.687256176853056
carebench_297,QOP,0.7626788036410923
carebench_297,DIR,0.864109232769831
carebench_297,DIR,0.8862158647594278
carebench_297,ASAC,0.922626788036411
carebench_297,QCL,0.9629388816644994
carebench_301,SAC,0.0
carebench_301,VAC,0.0743421052631578
carebench_301,NAC,0.1184210526315789
carebench_301,NAC,0.2072368421052631
carebench_301,NAC,0.2368421052631578
carebench_301,DIR,0.3118421052631579
carebench_301,DIR,0.3388157894736842
carebench_301,QOP,0.4078947368421052
carebench_301,QCL,0.4282894736842105
carebench_301,DIR,0.6125
carebench_301,DIR,0.655921052631579
carebench_301,TEN,0.7513157894736842
carebench_301,NAC,0.781578947368421
carebench_301,VAC,0.8256578947368421
carebench_301,QOP,0.8835526315789474
carebench_301,QOP,0.974342105263158
carebench_305,TSH,0.0
carebench_305,LMT,0.043360433604336
carebench_305,DIR,0.0582655826558265
carebench_305,DIR,0.0718157181571815
carebench_305,DIR,0.1172086720867208
carebench_305,QCL,0.2039295392953929
carebench_305,QCL,0.260840108401084
carebench_305,TEN,0.3428184281842818
carebench_305,TEN,0.4708672086720867
carebench_305,VAC,0.5155826558265583
carebench_305,AUR,0.5447154471544715
carebench_305,TEN,0.6524390243902439
carebench_305,SAC,0.7018970189701897
carebench_305,DIR,0.7838753387533876
carebench_305,DIR,0.8712737127371274
carebench_305,QOP,0.9478319783197832
carebench_308,LMT,0.0
carebench_308,VAC,0.0
carebench_308,AUR,0.053177691309987
carebench_308,DIR,0.053177691309987
carebench_308,AUR,0.1089494163424124
carebench_308,DIR,0.1089494163424124
carebench_308,AUR,0.1647211413748378
carebench_308,DIR,0.1647211413748378
carebench_308,VAC,0.2211413748378728
carebench_308,SAC,0.2211413748378728
carebench_308,TSH,0.2509727626459144
carebench_308,AUR,0.2911802853437095
carebench_308,DIR,0.2911802853437095
carebench_308,AUR,0.4027237354085603
carebench_308,DIR,0.4027237354085603
carebench_308,QCL,0.4688715953307393
carebench_308,AUR,0.5175097276264592
carebench_308,DIR,0.5175097276264592
carebench_308,AUR,0.5473411154345007
carebench_308,DIR,0.5473411154345007
carebench_308,AUR,0.5972762645914397
carebench_308,DIR,0.5972762645914397
carebench_308,AUR,0.648508430609598
carebench_308,DIR,0.648508430609598
carebench_308,TSH,0.7101167315175098
carebench_308,DIR,0.7522697795071336
carebench_308,SIN,0.7522697795071336
carebench_308,DIR,0.767833981841764
carebench_308,SIN,0.767833981841764
carebench_308,AUR,0.7963683527885862
carebench_308,DIR,0.7963683527885862
carebench_308,DIR,0.8664072632944229
carebench_308,RECT,0.9273670557717252
carebench_308,SAC,0.9273670557717252
carebench_308,QCL,0.9617380025940336
carebench_317,DIR,0.0
carebench_317,TEN,0.0900600400266844
carebench_317,SAC,0.1521014009339559
carebench_317,TSH,0.2234823215476984
carebench_317,NAC,0.2501667778519013
carebench_317,RECT,0.3135423615743829
carebench_317,DIR,0.3642428285523682
carebench_317,TSH,0.4049366244162775
carebench_317,NAC,0.4356237491661107
carebench_317,RECT,0.4909939959973315
carebench_317,RECT,0.6064042695130086
carebench_317,TSH,0.7111407605070047
carebench_317,VAC,0.7464976651100734
carebench_317,TEN,0.8045363575717145
carebench_317,QOP,0.8385590393595731
carebench_317,DIR,0.8739159439626417
carebench_317,QOP,0.951967978652435
carebench_333,SAC,0.0
carebench_333,VAC,0.0254350736278447
carebench_333,TSH,0.0682730923694779
carebench_333,TEN,0.0890227576974564
carebench_333,VAC,0.1285140562248996
carebench_333,LMT,0.143239625167336
carebench_333,DIR,0.2489959839357429
carebench_333,SAC,0.2724230254350736
carebench_333,QOP,0.3701472556894243
carebench_333,QCL,0.3989290495314592
carebench_333,QCL,0.4839357429718876
carebench_333,NAC,0.5542168674698795
carebench_333,TEN,0.643908969210174
carebench_333,DIR,0.7182061579651942
carebench_333,DIR,0.749665327978581
carebench_333,QCL,0.821285140562249
carebench_333,RECT,0.9062918340026772
carebench_333,SAC,0.9732262382864793
carebench_335,SAC,0.0
carebench_335,VAC,0.0410396716826265
carebench_335,NAC,0.060875512995896
carebench_335,NAC,0.1627906976744186
carebench_335,NAC,0.2790697674418604
carebench_335,TSH,0.3570451436388508
carebench_335,TSH,0.4172366621067031
carebench_335,TSH,0.4500683994528043
carebench_335,TSH,0.4979480164158686
carebench_335,NAC,0.6757865937072504
carebench_335,QOP,0.7462380300957593
carebench_335,QCL,0.8399452804377565
carebench_335,NAC,0.884404924760602
carebench_335,SAC,0.9610123119015048
carebench_338,LMT,0.0
carebench_338,VAC,0.0452261306532663
carebench_338,SAC,0.0942211055276382
carebench_338,AUR,0.1092964824120603
carebench_338,SAC,0.1331658291457286
carebench_338,NAC,0.1658291457286432
carebench_338,NAC,0.2267587939698492
carebench_338,NAC,0.2971105527638191
carebench_338,TEN,0.3919597989949748
carebench_338,TEN,0.4522613065326633
carebench_338,TEN,0.532035175879397
carebench_338,DIR,0.5841708542713567
carebench_338,DIR,0.6306532663316583
carebench_338,SAC,0.7167085427135679
carebench_338,QOP,0.7581658291457286
carebench_338,SAC,0.8159547738693468
carebench_338,SAC,0.8530150753768844
carebench_338,DIR,0.9013819095477388
carebench_338,QCL,0.9585427135678392
carebench_341,VAC,0.0
carebench_341,TEN,0.0148195876288659
carebench_341,AUR,0.0341494845360824
carebench_341,DIR,0.1056701030927835
carebench_341,DIR,0.1514175257731958
carebench_341,DIR,0.2770618556701031
carebench_341,DIR,0.4143041237113402
carebench_341,DIR,0.4742268041237113
carebench_341,RECT,0.8125
carebench_341,QCL,0.8704896907216495
carebench_341,DIR,0.955541237113402
carebench_343,SAC,0.0
carebench_343,DIR,0.0298792116973935
carebench_343,AUR,0.0298792116973935
carebench_343,SAC,0.1360457724094087
carebench_343,DIR,0.203432930705658
carebench_343,AUR,0.203432930705658
carebench_343,DIR,0.2549268912905276
carebench_343,AUR,0.2549268912905276
carebench_343,DIR,0.3350286077558805
carebench_343,NAC,0.3642720915448188
carebench_343,DIR,0.4361093452002543
carebench_343,AUR,0.4361093452002543
carebench_343,DIR,0.5352828989192625
carebench_343,AUR,0.5352828989192625
carebench_343,DIR,0.5702479338842975
carebench_343,DIR,0.6376350921805467
carebench_343,DIR,0.6973935155753338
carebench_343,DIR,0.7457088366179275
carebench_343,QOP,0.8080101716465353
carebench_343,QCL,0.8385251112523839
carebench_343,DIR,0.8766687857596949
carebench_343,QCL,0.9491417673235856
carebench_343,RECT,0.9491417673235856
carebench_344,SEN,0.0
carebench_344,AUR,0.052863436123348
carebench_344,DIR,0.052863436123348
carebench_344,FIX,0.052863436123348
carebench_344,TSH,0.052863436123348
carebench_344,VAC,0.052863436123348
carebench_344,NAC,0.052863436123348
carebench_344,SAC,0.052863436123348
carebench_344,DIR,0.0918816865953429
carebench_344,FIX,0.0918816865953429
carebench_344,TSH,0.0918816865953429
carebench_344,VAC,0.0918816865953429
carebench_344,NAC,0.0918816865953429
carebench_344,SAC,0.0918816865953429
carebench_344,DIR,0.1762114537444934
carebench_344,FIX,0.1762114537444934
carebench_344,TSH,0.1762114537444934
carebench_344,VAC,0.1762114537444934
carebench_344,NAC,0.1762114537444934
carebench_344,SAC,0.1762114537444934
carebench_344,DIR,0.2473253618628068
carebench_344,FIX,0.2473253618628068
carebench_344,TSH,0.2473253618628068
carebench_344,VAC,0.2473253618628068
carebench_344,NAC,0.2473253618628068
carebench_344,SAC,0.2473253618628068
carebench_344,DIR,0.2819383259911894
carebench_344,FIX,0.2819383259911894
carebench_344,TSH,0.2819383259911894
carebench_344,VAC,0.2819383259911894
carebench_344,NAC,0.2819383259911894
carebench_344,SAC,0.2819383259911894
carebench_344,DIR,0.34235368156073
carebench_344,FIX,0.34235368156073
carebench_344,TSH,0.34235368156073
carebench_344,VAC,0.34235368156073
carebench_344,NAC,0.34235368156073
carebench_344,SAC,0.34235368156073
carebench_344,DIR,0.4247954688483323
carebench_344,FIX,0.4247954688483323
carebench_344,TSH,0.4247954688483323
carebench_344,VAC,0.4247954688483323
carebench_344,NAC,0.4247954688483323
carebench_344,SAC,0.4247954688483323
carebench_344,DIR,0.4669603524229075
carebench_344,FIX,0.4669603524229075
carebench_344,TSH,0.4669603524229075
carebench_344,VAC,0.4669603524229075
carebench_344,NAC,0.4669603524229075
carebench_344,SAC,0.4669603524229075
carebench_344,DIR,0.5317809943360604
carebench_344,FIX,0.5317809943360604
carebench_344,TSH,0.5317809943360604
carebench_344,VAC,0.5317809943360604
carebench_344,NAC,0.5317809943360604
carebench_344,SAC,0.5317809943360604
carebench_344,DIR,0.6073001887979862
carebench_344,FIX,0.6073001887979862
carebench_344,TSH,0.6073001887979862
carebench_344,VAC,0.6073001887979862
carebench_344,NAC,0.6073001887979862
carebench_344,SAC,0.6073001887979862
carebench_344,DIR,0.7677784770295784
carebench_344,FIX,0.7677784770295784
carebench_344,TSH,0.7677784770295784
carebench_344,VAC,0.7677784770295784
carebench_344,NAC,0.7677784770295784
carebench_344,SAC,0.7677784770295784
carebench_344,QCL,0.8325991189427313
carebench_344,DIR,0.9402139710509756
carebench_344,FIX,0.9402139710509756
carebench_344,TSH,0.9402139710509756
carebench_344,VAC,0.9402139710509756
carebench_344,NAC,0.9402139710509756
carebench_344,SAC,0.9402139710509756
carebench_344,DIR,0.9634990560100692
carebench_344,FIX,0.9634990560100692
carebench_344,TSH,0.9634990560100692
carebench_344,VAC,0.9634990560100692
carebench_344,NAC,0.9634990560100692
carebench_344,SAC,0.9634990560100692
carebench_37,TSH,0.0
carebench_37,DIR,0.0
carebench_37,SAC,0.1128274009402283
carebench_37,DIR,0.1571524513096037
carebench_37,SEN,0.2014775016789791
carebench_37,AUR,0.2330423102753525
carebench_37,TSH,0.351242444593687
carebench_37,TEN,0.4633982538616521
carebench_37,DIR,0.5130960376091337
carebench_37,AUR,0.5359301544660846
carebench_37,DIR,0.5970449966420417
carebench_37,ASAC,0.6877098723975823
carebench_37,QOP,0.7629281396910679
carebench_37,SAC,0.9348556077904634
carebench_37,DIR,0.9583613163196776
carebench_38,DIR,0.0
carebench_38,TSH,0.0381944444444444
carebench_38,LMT,0.0680555555555555
carebench_38,DIR,0.1222222222222222
carebench_38,DIR,0.1708333333333333
carebench_38,TEN,0.2166666666666666
carebench_38,DIR,0.3
carebench_38,LMT,0.3513888888888888
carebench_38,LMT,0.3791666666666666
carebench_38,LMT,0.4104166666666666
carebench_38,LMT,0.4541666666666666
carebench_38,DIR,0.4833333333333333
carebench_38,DIR,0.5111111111111111
carebench_38,DIR,0.5819444444444445
carebench_38,DIR,0.6111111111111112
carebench_38,TEN,0.70625
carebench_38,TEN,0.7291666666666666
carebench_38,SAC,0.7944444444444444
carebench_38,SAC,0.8201388888888889
carebench_38,VAC,0.8513888888888889
carebench_38,QOP,0.9034722222222222
carebench_38,DIR,0.9201388888888888
carebench_38,QOP,0.9597222222222224
carebench_40,SAC,0.0
carebench_40,VAC,0.0
carebench_40,DIR,0.0734996628455832
carebench_40,TEN,0.222521915037087
carebench_40,DIR,0.3479433580579905
carebench_40,DIR,0.4160485502360081
carebench_40,DIR,0.4774106540795684
carebench_40,DIR,0.5812542144302091
carebench_40,QOP,0.7329737019554956
carebench_40,DIR,0.877950101146325
carebench_40,QOP,0.947403910991234
carebench_41,SAC,0.0
carebench_41,VAC,0.0423892100192678
carebench_41,AUR,0.2575465639049454
carebench_41,FIX,0.4418754014129736
carebench_41,DIR,0.5639049454078355
carebench_41,AUR,0.6095054592164418
carebench_41,DIR,0.7463070006422607
carebench_41,TEN,0.7989723827874117
carebench_41,QOP,0.9351316634553628
carebench_41,ASAC,0.953757225433526
carebench_43,VAC,0.0
carebench_43,NAC,0.0610539845758354
carebench_43,DIR,0.1034704370179948
carebench_43,LMT,0.205012853470437
carebench_43,DIR,0.2448586118251928
carebench_43,DIR,0.2853470437017995
carebench_43,DIR,0.3277634961439589
carebench_43,DIR,0.3688946015424164
carebench_43,DIR,0.3875321336760925
carebench_43,DIR,0.4196658097686375
carebench_43,DIR,0.4955012853470437
carebench_43,DIR,0.6426735218508998
carebench_43,DIR,0.6870179948586118
carebench_43,DIR,0.7204370179948586
carebench_43,QCL,0.8663239074550129
carebench_43,RECT,0.8663239074550129
carebench_43,SAC,0.8978149100257069
carebench_43,ASAC,0.9652956298200516
carebench_44,VAC,0.0
carebench_44,NAC,0.0473484848484848
carebench_44,TEN,0.0744949494949494
carebench_44,DIR,0.120580808080808
carebench_44,DIR,0.2102272727272727
carebench_44,DIR,0.2481060606060606
carebench_44,DIR,0.3491161616161616
carebench_44,DIR,0.4103535353535353
carebench_44,DIR,0.4627525252525252
carebench_44,TSH,0.5359848484848485
carebench_44,RECT,0.5549242424242424
carebench_44,DIR,0.6060606060606061
carebench_44,DIR,0.6357323232323232
carebench_44,DIR,0.6704545454545454
carebench_44,DIR,0.7190656565656566
carebench_44,DIR,0.7487373737373737
carebench_44,QCL,0.889520202020202
carebench_44,DIR,0.9393939393939394
carebench_44,DIR,0.9753787878787878
carebench_45,DIR,0.0
carebench_45,DIR,0.0611559139784946
carebench_45,AUR,0.1034946236559139
carebench_45,AUR,0.1297043010752688
carebench_45,AUR,0.2049731182795699
carebench_45,AUR,0.2217741935483871
carebench_45,DIR,0.2533602150537634
carebench_45,DIR,0.2876344086021505
carebench_45,DIR,0.323252688172043
carebench_45,AUR,0.3823924731182795
carebench_45,DIR,0.426747311827957
carebench_45,DIR,0.4509408602150537
carebench_45,DIR,0.6068548387096774
carebench_45,DIR,0.6760752688172043
carebench_45,DIR,0.7426075268817204
carebench_45,DIR,0.771505376344086
carebench_45,AUR,0.7923387096774194
carebench_45,AUR,0.8158602150537635
carebench_45,DIR,0.875
carebench_45,QOP,0.8951612903225806
carebench_48,VAC,0.0
carebench_48,TEN,0.0530007794232268
carebench_48,AUR,0.06858924395947
carebench_48,AUR,0.1971940763834762
carebench_48,AUR,0.2369446609508963
carebench_48,SAC,0.3024162120031177
carebench_48,AUR,0.3429462197973499
carebench_48,NAC,0.4715510522213562
carebench_48,AUR,0.5697583787996883
carebench_48,NAC,0.6648480124707716
carebench_48,ASAC,0.696024941543258
carebench_48,AUR,0.759937646141855
carebench_48,SAC,0.8674980514419329
carebench_48,AUR,0.90257209664848
carebench_48,SAC,0.936087295401403
carebench_48,SAC,0.9766173031956352
carebench_55,SAC,0.0
carebench_55,VAC,0.0
carebench_55,TEN,0.0497848801475107
carebench_55,DIR,0.0497848801475107
carebench_55,TSH,0.0971112476951444
carebench_55,DIR,0.0971112476951444
carebench_55,TEN,0.1874615857406269
carebench_55,DIR,0.1874615857406269
carebench_55,LMT,0.2753534111862323
carebench_55,DIR,0.3048555623847572
carebench_55,DIR,0.3755377996312231
carebench_55,TEN,0.4087277197295636
carebench_55,DIR,0.4320835894283958
carebench_55,DIR,0.5384142593730793
carebench_55,DIR,0.5894283958205285
carebench_55,TEN,0.6533497234173326
carebench_55,DIR,0.6785494775660725
carebench_55,DIR,0.7584511370620775
carebench_55,DIR,0.7928703134603565
carebench_55,QOP,0.9391518131530424
carebench_56,DIR,0.0
carebench_56,DIR,0.0422442244224422
carebench_56,DIR,0.0778877887788778
carebench_56,DIR,0.1102310231023102
carebench_56,DIR,0.2039603960396039
carebench_56,DIR,0.2217821782178217
carebench_56,DIR,0.3108910891089109
carebench_56,DIR,0.4864686468646865
carebench_56,DIR,0.53003300330033
carebench_56,NAC,0.5834983498349835
carebench_56,DIR,0.6184818481848184
carebench_56,DIR,0.634983498349835
carebench_56,DIR,0.7227722772277227
carebench_56,DIR,0.7485148514851485
carebench_56,RECT,0.9128712871287128
carebench_56,QCL,0.9801980198019802
carebench_6,SAC,0.0
carebench_6,DIR,0.0936170212765957
carebench_6,LMT,0.1815602836879432
carebench_6,DIR,0.2148936170212766
carebench_6,TEN,0.2737588652482269
carebench_6,DIR,0.3482269503546099
carebench_6,NAC,0.4085106382978723
carebench_6,SAC,0.4822695035460992
carebench_6,DIR,0.5702127659574469
carebench_6,DIR,0.624113475177305
carebench_6,QCL,0.6886524822695036
carebench_6,DIR,0.8120567375886525
carebench_6,SAC,0.8900709219858156
carebench_6,QOP,0.9453900709219858
carebench_77,SAC,0.0
carebench_77,ASAC,0.0416666666666666
carebench_77,VAC,0.1089743589743589
carebench_77,SAC,0.1211538461538461
carebench_77,NAC,0.1403846153846153
carebench_77,NAC,0.1884615384615384
carebench_77,AUR,0.2929487179487179
carebench_77,AUR,0.3166666666666666
carebench_77,DIR,0.416025641025641
carebench_77,AUR,0.5211538461538462
carebench_77,DIR,0.583974358974359
carebench_77,TSH,0.6653846153846154
carebench_77,SAC,0.7698717948717949
carebench_77,DIR,0.8006410256410257
carebench_77,TEN,0.8294871794871795
carebench_77,QOP,0.8698717948717949
carebench_77,ASAC,0.9448717948717948
carebench_77,TEN,0.971153846153846
carebench_8,LMT,0.0291479820627802
carebench_8,VAC,0.124439461883408
carebench_8,NAC,0.1804932735426009
carebench_8,SAC,0.2399103139013453
carebench_8,LMT,0.3015695067264574
carebench_8,QOP,0.5044843049327354
carebench_8,SAC,0.5885650224215246
carebench_8,SAC,0.7477578475336323
carebench_8,ASAC,0.8654708520179372
carebench_8,ASAC,0.9405829596412556
carebench_82,VAC,0.0
carebench_82,NAC,0.0722506393861892
carebench_82,SAC,0.1272378516624041
carebench_82,NAC,0.1751918158567774
carebench_82,DIR,0.2915601023017903
carebench_82,DIR,0.3772378516624041
carebench_82,LMT,0.4040920716112532
carebench_82,DIR,0.4526854219948849
carebench_82,TEN,0.4872122762148337
carebench_82,QOP,0.5939897698209718
carebench_82,QCL,0.6400255754475703
carebench_82,DIR,0.6918158567774936
carebench_82,DIR,0.7941176470588235
carebench_82,TEN,0.907928388746803
carebench_82,QOP,0.9475703324808183
carebench_86,SEN,0.0211833455076698
carebench_86,AUR,0.0211833455076698
carebench_86,LMT,0.0211833455076698
carebench_86,DIR,0.0766983199415631
carebench_86,QCL,0.1292914536157779
carebench_86,QCL,0.1723886048210372
carebench_86,SEN,0.2366691015339664
carebench_86,TSH,0.3133674214755296
carebench_86,LMT,0.3615777940102264
carebench_86,VAC,0.3973703433162893
carebench_86,VAC,0.4309715120525931
carebench_86,VAC,0.4601899196493791
carebench_86,VAC,0.489408327246165
carebench_86,DIR,0.5054784514243974
carebench_86,VAC,0.5690284879474069
carebench_86,VAC,0.6092037983929875
carebench_86,DIR,0.6902848794740687
carebench_86,DIR,0.7326515704894083
carebench_86,QOP,0.9108838568298028
carebench_97,SAC,0.0
carebench_97,NAC,0.0319488817891373
carebench_97,SAC,0.1143769968051118
carebench_97,DIR,0.1469648562300319
carebench_97,DIR,0.1706070287539936
carebench_97,DIR,0.2089456869009584
carebench_97,DIR,0.2543130990415335
carebench_97,SAC,0.3207667731629393
carebench_97,LMT,0.3738019169329074
carebench_97,SAC,0.4396166134185303
carebench_97,SAC,0.463258785942492
carebench_97,SAC,0.4926517571884984
carebench_97,SAC,0.5258785942492012
carebench_97,SAC,0.5571884984025559
carebench_97,RECT,0.6191693290734824
carebench_97,DIR,0.6881789137380192
carebench_97,RECT,0.7859424920127795
carebench_97,SAC,0.8166134185303514
carebench_97,SAC,0.8594249201277955
carebench_97,SAC,0.9303514376996804
carebench_97,QOP,0.9578274760383386
counselchat_1,VAC,0.0
counselchat_1,DIR,0.0258922323303009
counselchat_1,DIR,0.0517844646606018
counselchat_1,DIR,0.2575227431770469
counselchat_1,DIR,0.7977606717984604
counselchat_1,QCL,0.9580125962211335
counselchat_14,VAC,0.0379918588873812
counselchat_14,VAC,0.0698778833107191
counselchat_14,NAC,0.1078697421981004
counselchat_14,NAC,0.1567164179104477
counselchat_14,TEN,0.2252374491180461
counselchat_14,TEN,0.3032564450474898
counselchat_14,TEN,0.369742198100407
counselchat_14,TEN,0.3989145183175034
counselchat_14,NAC,0.4674355495251017
counselchat_14,NAC,0.5345997286295794
counselchat_14,QOP,0.6906377204884667
counselchat_14,QCL,0.7259158751696065
counselchat_14,QCL,0.7578018995929444
counselchat_14,SAC,0.8317503392130258
counselchat_14,TEN,0.8554952510176391
counselchat_14,SAC,0.9294436906377204
counselchat_14,QOP,0.9762550881953868
counselchat_19,SAC,0.0
counselchat_19,SAC,0.0434210526315789
counselchat_19,SAC,0.1447368421052631
counselchat_19,SAC,0.1651315789473684
counselchat_19,SAC,0.2592105263157894
counselchat_19,VAC,0.2953947368421052
counselchat_19,VAC,0.3355263157894737
counselchat_19,NAC,0.4203947368421052
counselchat_19,SAC,0.4736842105263157
counselchat_19,VAC,0.5263157894736842
counselchat_19,NAC,0.5907894736842105
counselchat_19,NAC,0.680921052631579
counselchat_19,QOP,0.7552631578947369
counselchat_19,QCL,0.8414473684210526
counselchat_19,QCL,0.8756578947368421
counselchat_19,SAC,0.9611842105263158
counselchat_22,VAC,0.0
counselchat_22,VAC,0.0199714693295292
counselchat_22,DIR,0.1069900142653352
counselchat_22,DIR,0.1904422253922967
counselchat_22,DIR,0.2774607703281027
counselchat_22,DIR,0.3288159771754636
counselchat_22,DIR,0.369472182596291
counselchat_22,DIR,0.4372325249643367
counselchat_22,QOP,0.5748930099857347
counselchat_22,QOP,0.6319543509272468
counselchat_22,QOP,0.6932952924393724
counselchat_22,DIR,0.7482168330955777
counselchat_22,SAC,0.8644793152639088
counselchat_22,QOP,0.9400855920114124
counselchat_22,SAC,0.9693295292439372
counselchat_26,VAC,0.0
counselchat_26,NAC,0.0403857745629897
counselchat_26,DIR,0.1265822784810126
counselchat_26,TSH,0.1754068716094032
counselchat_26,DIR,0.2109704641350211
counselchat_26,AUR,0.3399638336347197
counselchat_26,AUR,0.3978300180831826
counselchat_26,AUR,0.4502712477396021
counselchat_26,AUR,0.4822182037371911
counselchat_26,DIR,0.5394816154309825
counselchat_26,RECT,0.6244725738396625
counselchat_26,DIR,0.6244725738396625
counselchat_26,RECT,0.6817359855334539
counselchat_26,DIR,0.6817359855334539
counselchat_26,SAC,0.7359855334538878
counselchat_26,VAC,0.8167570825798673
counselchat_26,SAC,0.8167570825798673
counselchat_26,QOP,0.8993369499698614
counselchat_26,QOP,0.9620253164556962
counselchat_31,SEN,0.0
counselchat_31,TEN,0.0156356220258327
counselchat_31,DIR,0.0339904826648538
counselchat_31,DIR,0.080217539089055
counselchat_31,VAC,0.1012916383412644
counselchat_31,NAC,0.1706322229775662
counselchat_31,DIR,0.3283480625424881
counselchat_31,VAC,0.4486743711760707
counselchat_31,DIR,0.5173351461590755
counselchat_31,DIR,0.5465669612508498
counselchat_31,QOP,0.6764106050305915
counselchat_31,QCL,0.7138001359619307
counselchat_31,QCL,0.7851801495581238
counselchat_31,SAC,0.831407205982325
counselchat_31,DIR,0.8987083616587356
counselchat_31,QOP,0.9809653297076818
counselchat_32,VAC,0.0
counselchat_32,TEN,0.0
counselchat_32,TSH,0.1231073074391046
counselchat_32,TEN,0.1553653719552337
counselchat_32,NAC,0.2047399605003291
counselchat_32,NAC,0.2699144173798551
counselchat_32,NAC,0.32587228439763
counselchat_32,VAC,0.391705069124424
counselchat_32,TSH,0.4502962475312705
counselchat_32,NAC,0.4799210006583278
counselchat_32,NAC,0.5450954575378538
counselchat_32,NAC,0.5931533903884134
counselchat_32,NAC,0.6273864384463462
counselchat_32,VAC,0.6787360105332455
counselchat_32,VAC,0.7162606978275181
counselchat_32,VAC,0.7518104015799868
counselchat_32,QCL,0.8301514154048716
counselchat_32,DIR,0.9183673469387756
counselchat_48,SEN,0.0
counselchat_48,SAC,0.0300261096605744
counselchat_48,VAC,0.0300261096605744
counselchat_48,TEN,0.1494778067885117
counselchat_48,NAC,0.1997389033942558
counselchat_48,TEN,0.2454308093994778
counselchat_48,NAC,0.2454308093994778
counselchat_48,TEN,0.2728459530026109
counselchat_48,NAC,0.2728459530026109
counselchat_48,TEN,0.3204960835509138
counselchat_48,NAC,0.3204960835509138
counselchat_48,FIX,0.3596605744125326
counselchat_48,RECT,0.4027415143603133
counselchat_48,DIR,0.4027415143603133
counselchat_48,FIX,0.4027415143603133
counselchat_48,RECT,0.464751958224543
counselchat_48,DIR,0.464751958224543
counselchat_48,FIX,0.464751958224543
counselchat_48,RECT,0.5169712793733682
counselchat_48,FIX,0.5169712793733682
counselchat_48,RECT,0.606396866840731
counselchat_48,FIX,0.606396866840731
counselchat_48,VAC,0.6651436031331592
counselchat_48,RECT,0.693864229765013
counselchat_48,DIR,0.693864229765013
counselchat_48,FIX,0.693864229765013
counselchat_48,DIR,0.7676240208877284
counselchat_48,FIX,0.7676240208877284
counselchat_48,SAC,0.8955613577023499
counselchat_48,SAC,0.921018276762402
counselchat_48,ASAC,0.956266318537859
counselchat_48,QOP,0.956266318537859
counselchat_48,TSH,0.956266318537859
counselchat_6,SEN,0.0
counselchat_6,TEN,0.0
counselchat_6,SAC,0.0490974729241877
counselchat_6,TSH,0.0823104693140794
counselchat_6,LMT,0.1537906137184115
counselchat_6,LMT,0.2288808664259927
counselchat_6,LMT,0.2866425992779783
counselchat_6,TEN,0.3263537906137184
counselchat_6,DIR,0.4490974729241877
counselchat_6,DIR,0.488086642599278
counselchat_6,SAC,0.5227436823104693
counselchat_6,SAC,0.5819494584837546
counselchat_6,RECT,0.672202166064982
counselchat_6,RECT,0.6967509025270758
counselchat_6,DIR,0.740072202166065
counselchat_6,RECT,0.7776173285198555
counselchat_6,SEN,0.8339350180505415
counselchat_6,SAC,0.9191335740072202
counselchat_6,QCL,0.951624548736462
counselchat_7,SAC,0.0
counselchat_7,VAC,0.0377984084880636
counselchat_7,SAC,0.0702917771883289
counselchat_7,VAC,0.1385941644562334
counselchat_7,VAC,0.1810344827586207
counselchat_7,NAC,0.3010610079575597
counselchat_7,DIR,0.4409814323607427
counselchat_7,VAC,0.4688328912466843
counselchat_7,VAC,0.5086206896551724
counselchat_7,VAC,0.5716180371352785
counselchat_7,VAC,0.6518567639257294
counselchat_7,NAC,0.7128647214854111
counselchat_7,VAC,0.7745358090185677
counselchat_7,QCL,0.8474801061007957
counselchat_7,DIR,0.9131299734748012
counselchat_7,QOP,0.9860742705570292
counselchat_9,NAC,0.1014598540145985
counselchat_9,VAC,0.1343065693430657
counselchat_9,NAC,0.3058394160583941
counselchat_9,QOP,0.4116788321167883
counselchat_9,QCL,0.4854014598540146
counselchat_9,SAC,0.5248175182481751
counselchat_9,NAC,0.5927007299270073
counselchat_9,VAC,0.7496350364963503
counselchat_9,QOP,0.9248175182481752
counselchat_9,SAC,0.9664233576642336
hope_101,SAC,0.0
hope_101,SAC,0.0207869339272457
hope_101,VAC,0.1017074981440237
hope_101,SAC,0.1722345953971789
hope_101,DIR,0.2501855976243504
hope_101,LMT,0.3244246473645137
hope_101,DIR,0.3875278396436525
hope_101,QOP,0.4892353377876763
hope_101,QCL,0.579064587973274
hope_101,DIR,0.6369710467706013
hope_101,QCL,0.888641425389755
hope_101,SAC,0.9049740163325908
hope_101,ASAC,0.9317000742390498
hope_108,VAC,0.0
hope_108,NAC,0.0331452750352609
hope_108,VAC,0.0825105782792665
hope_108,VAC,0.114950634696756
hope_108,DIR,0.153737658674189
hope_108,VAC,0.1840620592383638
hope_108,VAC,0.310296191819464
hope_108,TEN,0.3561354019746121
hope_108,DIR,0.4315937940761636
hope_108,DIR,0.4513399153737659
hope_108,DIR,0.5648801128349789
hope_108,DIR,0.610719322990127
hope_108,DIR,0.656558533145275
hope_108,DIR,0.688293370944993
hope_108,DIR,0.7059238363892807
hope_108,TSH,0.7856135401974612
hope_108,DIR,0.8124118476727785
hope_108,DIR,0.8674188998589563
hope_108,QCL,0.8949224259520452
hope_108,DIR,0.9358251057827928
hope_108,DIR,0.968265162200282
hope_108,QOP,0.9866008462623412
hope_109,VAC,0.0
hope_109,VAC,0.2456140350877192
hope_109,QOP,0.3971291866028708
hope_109,QCL,0.5582137161084529
hope_109,QOP,0.7113237639553429
hope_117,VAC,0.0
hope_117,SAC,0.0871913580246913
hope_117,NAC,0.165895061728395
hope_117,LMT,0.2199074074074074
hope_117,NAC,0.3024691358024691
hope_117,LMT,0.3796296296296296
hope_117,VAC,0.4328703703703703
hope_117,LMT,0.5061728395061729
hope_117,VAC,0.5779320987654321
hope_117,NAC,0.6003086419753086
hope_117,VAC,0.6550925925925926
hope_117,QCL,0.7114197530864198
hope_117,RECT,0.7638888888888888
hope_117,SAC,0.8533950617283951
hope_126,SAC,0.0
hope_126,VAC,0.0
hope_126,TEN,0.0
hope_126,TEN,0.0073421439060205
hope_126,SAC,0.0814977973568281
hope_126,VAC,0.0814977973568281
hope_126,TEN,0.0844346549192364
hope_126,SAC,0.1754772393538913
hope_126,VAC,0.1754772393538913
hope_126,TEN,0.1754772393538913
hope_126,QCL,0.2555066079295154
hope_126,TEN,0.2694566813509544
hope_126,VAC,0.302496328928047
hope_126,SAC,0.302496328928047
hope_126,VAC,0.3898678414096916
hope_126,TSH,0.3898678414096916
hope_126,DIR,0.4427312775330396
hope_126,TEN,0.4500734214390602
hope_126,DIR,0.4823788546255506
hope_126,DIR,0.5095447870778267
hope_126,DIR,0.5447870778267254
hope_126,VAC,0.57856093979442
hope_126,SAC,0.57856093979442
hope_126,TEN,0.57856093979442
hope_126,VAC,0.6967694566813509
hope_126,SAC,0.6967694566813509
hope_126,QOP,0.7276064610866373
hope_126,QCL,0.7518355359765051
hope_126,QOP,0.7951541850220264
hope_126,QCL,0.8414096916299559
hope_126,RECT,0.8494860499265786
hope_126,DIR,0.906754772393539
hope_126,VAC,0.9236417033773862
hope_126,NAC,0.9236417033773862
hope_126,SAC,0.9706314243759178
hope_136,AUR,0.0
hope_136,VAC,0.0
hope_136,LMT,0.0
hope_136,LMT,0.0075394105551747
hope_136,LMT,0.0171350239890335
hope_136,LMT,0.028101439342015
hope_136,LMT,0.0342700479780671
hope_136,LMT,0.0376970527758738
hope_136,LMT,0.0466072652501713
hope_136,NAC,0.0548320767649074
hope_136,VAC,0.0548320767649074
hope_136,LMT,0.0548320767649074
hope_136,LMT,0.0657984921178889
hope_136,LMT,0.0829335161069225
hope_136,DIR,0.0925291295407813
hope_136,LMT,0.0925291295407813
hope_136,LMT,0.1021247429746401
hope_136,DIR,0.1082933516106922
hope_136,NAC,0.1082933516106922
hope_136,LMT,0.1082933516106922
hope_136,LMT,0.1343385880740233
hope_136,LMT,0.1542152159013022
hope_136,LMT,0.1782042494859493
hope_136,LMT,0.1809458533241946
hope_136,LMT,0.1905414667580534
hope_136,LMT,0.1932830705962988
hope_136,LMT,0.1980808773132282
hope_136,LMT,0.2104180945853324
hope_136,DIR,0.2193283070596298
hope_136,NAC,0.2193283070596298
hope_136,VAC,0.2193283070596298
hope_136,LMT,0.2193283070596298
hope_136,LMT,0.2309801233721727
hope_136,LMT,0.2508567511994516
hope_136,LMT,0.2652501713502398
hope_136,DIR,0.2803289924605894
hope_136,LMT,0.2803289924605894
hope_136,LMT,0.2947224126113776
hope_136,LMT,0.3098012337217272
hope_136,LMT,0.32145305003427
hope_136,LMT,0.3324194653872515
hope_136,LMT,0.3427004797806717
hope_136,LMT,0.3570938999314599
hope_136,DIR,0.3708019191226868
hope_136,NAC,0.3708019191226868
hope_136,VAC,0.3708019191226868
hope_136,LMT,0.3708019191226868
hope_136,LMT,0.3865661411925977
hope_136,LMT,0.3968471555860178
hope_136,DIR,0.4174091843728581
hope_136,FIX,0.4174091843728581
hope_136,TSH,0.4174091843728581
hope_136,LMT,0.4174091843728581
hope_136,LMT,0.429061000685401
hope_136,LMT,0.4475668265935572
hope_136,RECT,0.4503084304318026
hope_136,LMT,0.4605894448252227
hope_136,LMT,0.4660726525017135
hope_136,LMT,0.4797806716929403
hope_136,LMT,0.4941740918437285
hope_136,DIR,0.5017135023989033
hope_136,NAC,0.5017135023989033
hope_136,VAC,0.5017135023989033
hope_136,LMT,0.5017135023989033
hope_136,LMT,0.5085675119945168
hope_136,LMT,0.5133653187114462
hope_136,LMT,0.5215901302261823
hope_136,LMT,0.5325565455791638
hope_136,LMT,0.5442083618917066
hope_136,LMT,0.5606579849211789
hope_136,LMT,0.5750514050719671
hope_136,LMT,0.5784784098697738
hope_136,LMT,0.5915010281014393
hope_136,LMT,0.6175462645647704
hope_136,LMT,0.6271418779986292
hope_136,LMT,0.6333104866346813
hope_136,DIR,0.6422206991089787
hope_136,RECT,0.6422206991089787
hope_136,FIX,0.6422206991089787
hope_136,TSH,0.6422206991089787
hope_136,SAC,0.6422206991089787
hope_136,LMT,0.6422206991089787
hope_136,LMT,0.6490747087045922
hope_136,LMT,0.6525017135023989
hope_136,LMT,0.6634681288553804
hope_136,LMT,0.6675805346127485
hope_136,LMT,0.6710075394105551
hope_136,LMT,0.6874571624400274
hope_136,LMT,0.7025359835503769
hope_136,LMT,0.7210418094585332
hope_136,LMT,0.7320082248115147
hope_136,LMT,0.7539410555174777
hope_136,LMT,0.7607950651130911
hope_136,LMT,0.7662782727895819
hope_136,QCL,0.7799862919808088
hope_136,LMT,0.7799862919808088
hope_136,LMT,0.7888965044551063
hope_136,LMT,0.796435915010281
hope_136,LMT,0.8080877313228239
hope_136,DIR,0.8211103495544894
hope_136,LMT,0.8211103495544894
hope_136,LMT,0.8320767649074708
hope_136,LMT,0.8457847840986977
hope_136,LMT,0.8629198080877313
hope_136,LMT,0.8656614119259767
hope_136,LMT,0.8711446196024675
hope_136,QCL,0.8793694311172036
hope_136,RECT,0.8793694311172036
hope_136,FIX,0.8793694311172036
hope_136,TSH,0.8793694311172036
hope_136,SAC,0.8793694311172036
hope_136,ASAC,0.8793694311172036
hope_136,LMT,0.8793694311172036
hope_136,LMT,0.8855380397532556
hope_136,LMT,0.8937628512679918
hope_136,LMT,0.9129540781357094
hope_136,LMT,0.9287183002056204
hope_136,LMT,0.934201507882111
hope_136,LMT,0.9403701165181632
hope_136,LMT,0.952021932830706
hope_136,LMT,0.9588759424263192
hope_136,LMT,0.9664153529814942
hope_136,LMT,0.969842357779301
hope_136,LMT,0.9808087731322824
hope_136,LMT,0.9849211788896504
hope_136,LMT,0.9890335846470184
hope_148,SAC,0.0
hope_148,SAC,0.0577367205542725
hope_148,SEN,0.0877598152424942
hope_148,AUR,0.0877598152424942
hope_148,DIR,0.3175519630484988
hope_148,DIR,0.3695150115473441
hope_148,DIR,0.4468822170900693
hope_148,DIR,0.4849884526558891
hope_148,RECT,0.5184757505773672
hope_148,DIR,0.5519630484988453
hope_148,DIR,0.5842956120092379
hope_148,DIR,0.628175519630485
hope_148,AUR,0.6662817551963048
hope_148,AUR,0.7344110854503464
hope_148,AUR,0.7609699769053118
hope_148,AUR,0.8013856812933026
hope_148,AUR,0.8475750577367206
hope_148,DIR,0.9006928406466512
hope_148,QCL,0.9688221709006928
hope_151,SAC,0.0
hope_151,VAC,0.0605564648117839
hope_151,TEN,0.1276595744680851
hope_151,VAC,0.3911620294599018
hope_151,SAC,0.4648117839607201
hope_151,DIR,0.5057283142389526
hope_151,SEN,0.5482815057283142
hope_151,QCL,0.79050736497545
hope_151,QCL,0.9083469721767594
hope_156,VAC,0.0
hope_156,VAC,0.0340798442064264
hope_156,VAC,0.1343719571567672
hope_156,SAC,0.1703992210321324
hope_156,DIR,0.2297955209347614
hope_156,VAC,0.3047711781888997
hope_156,DIR,0.3407984420642648
hope_156,DIR,0.5082765335929893
hope_156,DIR,0.5939629990262901
hope_156,SEN,0.6309639727361246
hope_156,SEN,0.6864654333008764
hope_156,DIR,0.7497565725413826
hope_156,DIR,0.8149951314508277
hope_156,DIR,0.8442064264849075
hope_156,DIR,0.8997078870496592
hope_156,QCL,0.9746835443037974
hope_158,SEN,0.0
hope_158,AUR,0.0
hope_158,DIR,0.2397003745318352
hope_158,FIX,0.2397003745318352
hope_158,DIR,0.3258426966292135
hope_158,FIX,0.3258426966292135
hope_158,DIR,0.4644194756554307
hope_158,DIR,0.5730337078651685
hope_158,FIX,0.5730337078651685
hope_158,DIR,0.702247191011236
hope_158,DIR,0.7434456928838952
hope_158,DIR,0.8520599250936329
hope_158,QCL,0.904494382022472
hope_166,SAC,0.0
hope_166,SAC,0.0293884034948371
hope_166,VAC,0.096902303415409
hope_166,LMT,0.1493248610007942
hope_166,SAC,0.1636219221604448
hope_166,NAC,0.1636219221604448
hope_166,SAC,0.2764098490865767
hope_166,NAC,0.2764098490865767
hope_166,NAC,0.3129467831612391
hope_166,VAC,0.4328832406671962
hope_166,SAC,0.4741858617950754
hope_166,TSH,0.4741858617950754
hope_166,SAC,0.6441620333598094
hope_166,DIR,0.7005559968228753
hope_166,RECT,0.7005559968228753
hope_166,QCL,0.7879269261318507
hope_166,QCL,0.8538522637013503
hope_166,SAC,0.9181890389197775
hope_166,DIR,0.9181890389197775
hope_17,VAC,0.0
hope_17,NAC,0.1570945945945946
hope_17,SAC,0.3412162162162162
hope_17,LMT,0.4341216216216216
hope_17,SAC,0.4746621621621621
hope_17,SAC,0.660472972972973
hope_17,QOP,0.714527027027027
hope_17,TEN,0.714527027027027
hope_17,QCL,0.8851351351351351
hope_17,TEN,0.8851351351351351
hope_177,LMT,0.0
hope_177,VIN,0.0407911001236094
hope_177,SAC,0.0642768850432632
hope_177,SAC,0.0976514215080346
hope_177,LMT,0.1928306551297898
hope_177,VAC,0.2447466007416563
hope_177,DIR,0.2608158220024721
hope_177,FIX,0.2608158220024721
hope_177,RECT,0.5562422744128553
hope_177,QCL,0.5562422744128553
hope_177,DIR,0.5562422744128553
hope_177,ASAC,0.6279357231149567
hope_177,LMT,0.7008652657601978
hope_177,SAC,0.8603213844252163
hope_177,SAC,0.8788627935723115
hope_177,SAC,0.9134734239802224
hope_177,SAC,0.9493201483312732
hope_178,SAC,0.0
hope_178,LMT,0.0783132530120482
hope_178,LMT,0.1159638554216867
hope_178,LMT,0.1701807228915662
hope_178,LMT,0.2409638554216867
hope_178,NAC,0.3079819277108434
hope_178,LMT,0.3998493975903614
hope_178,DIR,0.5045180722891566
hope_178,SAC,0.5858433734939759
hope_178,DIR,0.6453313253012049
hope_178,QCL,0.7725903614457831
hope_178,RECT,0.8087349397590361
hope_178,RECT,0.8531626506024096
hope_178,SAC,0.9216867469879518
hope_178,DIR,0.9563253012048192
hope_184,VAC,0.0
hope_184,SAC,0.0
hope_184,VAC,0.0297397769516728
hope_184,LMT,0.2022304832713754
hope_184,DIR,0.2066914498141264
hope_184,DIR,0.2394052044609665
hope_184,DIR,0.3197026022304832
hope_184,AUR,0.353903345724907
hope_184,DIR,0.4587360594795539
hope_184,VAC,0.5137546468401487
hope_184,SAC,0.6148698884758365
hope_184,DIR,0.6319702602230484
hope_184,DIR,0.6914498141263941
hope_184,RECT,0.7643122676579925
hope_184,DIR,0.7643122676579925
hope_184,SAC,0.8728624535315985
hope_184,QCL,0.9717472118959108
hope_189,SAC,0.0
hope_189,NAC,0.0342857142857142
hope_189,QCL,0.1071428571428571
hope_189,TEN,0.1728571428571428
hope_189,RECT,0.2957142857142857
hope_189,QOP,0.8442857142857143
hope_189,SAC,0.91
hope_191,VAC,0.0
hope_191,SAC,0.0
hope_191,AUR,0.0607441154138192
hope_191,NAC,0.0607441154138192
hope_191,QCL,0.167046317388003
hope_191,LMT,0.1761579347000759
hope_191,TEN,0.3712984054669704
hope_191,NAC,0.3712984054669704
hope_191,TEN,0.4920273348519362
hope_191,NAC,0.4920273348519362
hope_191,TSH,0.5816249050873197
hope_191,NAC,0.6150341685649203
hope_191,TEN,0.6917236142748672
hope_191,NAC,0.6917236142748672
hope_191,QOP,0.8246013667425968
hope_191,QCL,0.8823082763857252
hope_191,TEN,0.938496583143508
hope_191,NAC,0.938496583143508
hope_194,SAC,0.0
hope_194,LMT,0.0909090909090909
hope_194,NAC,0.1844724618447246
hope_194,VAC,0.2302587923025879
hope_194,TEN,0.2747179827471798
hope_194,QCL,0.2747179827471798
hope_194,NAC,0.4253483742534837
hope_194,NAC,0.4611811546118115
hope_194,NAC,0.5693430656934306
hope_194,DIR,0.6197743861977438
hope_194,RECT,0.6828135368281354
hope_194,SAC,0.721300597213006
hope_194,QCL,0.8354346383543464
hope_194,QOP,0.9163901791639018
hope_194,QCL,0.962176509621765
hope_206,VAC,0.0
hope_206,TEN,0.1461649782923299
hope_206,SAC,0.2489146164978292
hope_206,NAC,0.4138929088277858
hope_206,QOP,0.6541244573082489
hope_206,TEN,0.6975397973950795
hope_206,LMT,0.9421128798842258
hope_211,LMT,0.0
hope_211,VAC,0.0544662309368191
hope_211,SAC,0.0544662309368191
hope_211,TEN,0.0969498910675381
hope_211,LMT,0.1633986928104575
hope_211,VAC,0.2647058823529412
hope_211,TEN,0.3093681917211329
hope_211,TEN,0.3725490196078431
hope_211,NAC,0.4651416122004357
hope_211,LMT,0.5479302832244008
hope_211,VAC,0.6263616557734205
hope_211,VAC,0.6917211328976035
hope_211,DIR,0.7167755991285403
hope_211,QCL,0.7854030501089324
hope_211,SEN,0.8322440087145969
hope_211,SAC,0.9226579520697168
hope_212,LMT,0.0
hope_212,VAC,0.0684068406840684
hope_212,VAC,0.0999099909990999
hope_212,LMT,0.1548154815481548
hope_212,VAC,0.2034203420342034
hope_212,VAC,0.2511251125112511
hope_212,LMT,0.3483348334833483
hope_212,NAC,0.4194419441944194
hope_212,TSH,0.4617461746174617
hope_212,SEN,0.504950495049505
hope_212,DIR,0.6066606660666066
hope_212,SEN,0.7092709270927092
hope_212,QCL,0.7956795679567957
hope_212,SAC,0.8703870387038704
hope_212,DIR,0.9585958595859586
hope_217,VAC,0.0
hope_217,VAC,0.0513833992094861
hope_217,VAC,0.1040843214756258
hope_217,SAC,0.2121212121212121
hope_217,VAC,0.2766798418972332
hope_217,VAC,0.2911725955204216
hope_217,SEN,0.3926218708827404
hope_217,QOP,0.4650856389986825
hope_217,QCL,0.5757575757575758
hope_217,SAC,0.6258234519104084
hope_217,SAC,0.6627140974967062
hope_217,VAC,0.8076416337285902
hope_217,SAC,0.9143610013175232
hope_221,MEN,0.0
hope_221,LMT,0.0
hope_221,AUR,0.0221270521056388
hope_221,VAC,0.1092077087794432
hope_221,DIR,0.1477516059957173
hope_221,LMT,0.2234118486795146
hope_221,LMT,0.2526766595289079
hope_221,LMT,0.2676659528907923
hope_221,LMT,0.2890792291220557
hope_221,LMT,0.3012134189864383
hope_221,VAC,0.331192005710207
hope_221,NAC,0.4089935760171306
hope_221,QOP,0.4354032833690221
hope_221,QCL,0.5396145610278372
hope_221,DIR,0.6195574589578873
hope_221,TEN,0.6252676659528907
hope_221,ASAC,0.8222698072805139
hope_221,NAC,0.8486795146324054
hope_221,NAC,0.8822269807280514
hope_221,QOP,0.9643112062812276
hope_228,SAC,0.0
hope_228,DIR,0.0357142857142857
hope_228,ASAC,0.0473760932944606
hope_228,SAC,0.1260932944606414
hope_228,VAC,0.1362973760932944
hope_228,NAC,0.1647230320699708
hope_228,LMT,0.2485422740524781
hope_228,LMT,0.2988338192419825
hope_228,LMT,0.3819241982507289
hope_228,SAC,0.4278425655976676
hope_228,QOP,0.4679300291545189
hope_228,DIR,0.5058309037900874
hope_228,NAC,0.5823615160349854
hope_228,QOP,0.7077259475218659
hope_228,DIR,0.7864431486880467
hope_228,QCL,0.8462099125364432
hope_228,RECT,0.9438775510204082
hope_23,VAC,0.0
hope_23,SAC,0.0
hope_23,DIR,0.0556881463802704
hope_23,SEN,0.0986475735879077
hope_23,AUR,0.0986475735879077
hope_23,DIR,0.2553699284009546
hope_23,DIR,0.39618138424821
hope_23,SEN,0.5003977724741447
hope_23,SAC,0.5003977724741447
hope_23,DIR,0.5536992840095465
hope_23,SEN,0.5536992840095465
hope_23,DIR,0.6921241050119332
hope_23,RECT,0.726332537788385
hope_23,RECT,0.7844073190135242
hope_23,RECT,0.883054892601432
hope_23,QCL,0.9307875894988068
hope_23,QOP,0.9459029435163088
hope_234,DIR,0.0
hope_234,FIX,0.0
hope_234,RECT,0.0
hope_234,SAC,0.0219560878243512
hope_234,VAC,0.1526946107784431
hope_234,NAC,0.1526946107784431
hope_234,SAC,0.282435129740519
hope_234,QOP,0.3343313373253493
hope_234,AUR,0.3792415169660678
hope_234,TEN,0.3792415169660678
hope_234,LMT,0.6526946107784432
hope_234,DIR,0.7265469061876247
hope_234,SAC,0.7265469061876247
hope_234,ASAC,0.7265469061876247
hope_234,QOP,0.9031936127744512
hope_235,VAC,0.0
hope_235,DIR,0.0080500894454382
hope_235,LMT,0.0375670840787119
hope_235,VAC,0.0912343470483005
hope_235,DIR,0.1368515205724508
hope_235,SAC,0.2674418604651162
hope_235,DIR,0.2978533094812164
hope_235,VAC,0.3783542039355992
hope_235,DIR,0.5035778175313059
hope_235,SAC,0.6028622540250447
hope_235,DIR,0.6833631484794276
hope_235,DIR,0.721824686940966
hope_235,DIR,0.8237924865831843
hope_235,SAC,0.9069767441860463
hope_235,QOP,0.9427549194991056
hope_239,VAC,0.0
hope_239,SAC,0.3042553191489361
hope_239,QOP,0.4787234042553192
hope_239,SAC,0.8170212765957446
hope_241,MEN,0.0
hope_241,SAC,0.0077369439071566
hope_241,NAC,0.0676982591876208
hope_241,AUR,0.1470019342359768
hope_241,SAC,0.1470019342359768
hope_241,NAC,0.4158607350096712
hope_241,AUR,0.723404255319149
hope_241,SAC,0.723404255319149
hope_241,QOP,0.8239845261121856
hope_242,VAC,0.0
hope_242,NAC,0.1260162601626016
hope_242,DIR,0.2219512195121951
hope_242,LMT,0.256910569105691
hope_242,SAC,0.3065040650406504
hope_242,LMT,0.3439024390243902
hope_242,SAC,0.3650406504065041
hope_242,TEN,0.5146341463414634
hope_242,NAC,0.5365853658536586
hope_242,NAC,0.5943089430894309
hope_242,QOP,0.7284552845528456
hope_242,DIR,0.9544715447154472
hope_255,SAC,0.0
hope_255,DIR,0.041637261820748
hope_255,DIR,0.0797459421312632
hope_255,AUR,0.0797459421312632
hope_255,DIR,0.2632321806633733
hope_255,AUR,0.2632321806633733
hope_255,DIR,0.3387438249823571
hope_255,DIR,0.3676781933662668
hope_255,DIR,0.3909668313338038
hope_255,DIR,0.4537755822159492
hope_255,AUR,0.4537755822159492
hope_255,DIR,0.629498941425547
hope_255,RECT,0.7452364149611856
hope_255,DIR,0.8313338038108681
hope_255,QCL,0.913196894848271
hope_267,VAC,0.0
hope_267,AUR,0.0486322188449848
hope_267,TEN,0.0486322188449848
hope_267,TEN,0.2933130699088146
hope_267,TEN,0.3966565349544073
hope_267,VAC,0.5030395136778115
hope_267,NAC,0.5030395136778115
hope_267,VAC,0.7142857142857143
hope_267,SAC,0.7978723404255319
hope_267,QCL,0.8282674772036475
hope_270,VAC,0.0
hope_270,LMT,0.1027568922305764
hope_270,QOP,0.1169590643274853
hope_270,TSH,0.2422723475355054
hope_270,QCL,0.4477861319966583
hope_270,SEN,0.4761904761904761
hope_270,NAC,0.6675020885547202
hope_270,QCL,0.7159565580618212
hope_270,NAC,0.8120300751879699
hope_28,MEN,0.0
hope_28,TSH,0.0186046511627906
hope_28,DIR,0.0186046511627906
hope_28,AUR,0.1116279069767441
hope_28,VAC,0.1116279069767441
hope_28,SAC,0.2682170542635659
hope_28,DIR,0.3333333333333333
hope_28,TSH,0.3333333333333333
hope_28,SAC,0.5333333333333333
hope_28,DIR,0.5333333333333333
hope_28,RECT,0.6914728682170542
hope_28,QCL,0.6914728682170542
hope_28,DIR,0.6914728682170542
hope_28,RECT,0.765891472868217
hope_28,DIR,0.765891472868217
hope_28,QCL,0.9286821705426356
hope_28,DIR,0.9286821705426356
hope_289,VAC,0.0
hope_289,LMT,0.11787072243346
hope_289,QOP,0.3916349809885932
hope_289,QCL,0.5627376425855514
hope_290,LMT,0.0577427821522309
hope_290,AUR,0.4146981627296588
hope_290,TEN,0.4934383202099737
hope_290,QOP,0.7296587926509186
hope_292,LMT,0.0
hope_292,VAC,0.1234567901234567
hope_292,AUR,0.1613756613756613
hope_292,VAC,0.2804232804232804
hope_292,SAC,0.3924162257495591
hope_292,VAC,0.4294532627865961
hope_292,AUR,0.4850088183421516
hope_292,DIR,0.6058201058201058
hope_292,QCL,0.6393298059964727
hope_292,AUR,0.7054673721340388
hope_292,AUR,0.7742504409171076
hope_292,NIN,0.7742504409171076
hope_292,DIR,0.8765432098765432
hope_292,QCL,0.955026455026455
hope_304,VAC,0.0
hope_304,SAC,0.0
hope_304,DIR,0.0858544562551103
hope_304,DIR,0.1340964840556009
hope_304,AUR,0.1749795584627964
hope_304,DIR,0.1749795584627964
hope_304,DIR,0.3327882256745707
hope_304,VAC,0.3769419460343418
hope_304,SAC,0.3769419460343418
hope_304,QCL,0.4603434178250204
hope_304,DIR,0.4603434178250204
hope_304,AUR,0.5617334423548651
hope_304,VAC,0.6091578086672118
hope_304,DIR,0.6091578086672118
hope_304,ASAC,0.7121831561733443
hope_304,RECT,0.785772690106296
hope_304,QCL,0.9010629599345872
hope_304,QOP,0.927228127555192
hope_311,VAC,0.0
hope_311,VAC,0.051012753188297
hope_311,VAC,0.1875468867216804
hope_311,VAC,0.2205551387846961
hope_311,DIR,0.3795948987246811
hope_311,QCL,0.3795948987246811
hope_311,LMT,0.4156039009752438
hope_311,DIR,0.5393848462115529
hope_311,TEN,0.6114028507126782
hope_311,DIR,0.6339084771192798
hope_311,VAC,0.7171792948237059
hope_311,SAC,0.7989497374343586
hope_311,QCL,0.8244561140285072
hope_311,QOP,0.886721680420105
hope_311,VAC,0.9114778694673668
hope_311,SAC,0.9654913728432108
hope_323,LMT,0.0778301886792452
hope_323,VAC,0.3325471698113207
hope_323,VAC,0.4056603773584906
hope_323,VAC,0.6320754716981132
hope_323,QOP,0.75
hope_323,QCL,0.8632075471698113
hope_327,LMT,0.0
hope_327,MEN,0.2038216560509554
hope_327,VAC,0.2165605095541401
hope_327,VAC,0.4798301486199575
hope_327,QOP,0.7239915074309978
hope_327,QOP,0.9129511677282378
hope_328,VAC,0.0
hope_328,LMT,0.0809248554913294
hope_328,LMT,0.1156069364161849
hope_328,VAC,0.2350674373795761
hope_328,NAC,0.4566473988439306
hope_328,QCL,0.5606936416184971
hope_328,QCL,0.8940269749518305
hope_339,VAC,0.0
hope_339,TEN,0.1819425444596443
hope_339,QOP,0.3173734610123119
hope_339,QOP,0.3816689466484268
hope_339,QCL,0.4172366621067031
hope_339,QOP,0.4746922024623803
hope_339,QCL,0.5321477428180574
hope_339,AUR,0.811217510259918
hope_339,TEN,0.853625170998632
hope_339,QOP,0.9521203830369356
hope_344,VAC,0.0
hope_344,NAC,0.2324159021406728
hope_344,TEN,0.2324159021406728
hope_344,QOP,0.5428134556574924
hope_344,QOP,0.6743119266055045
hope_344,TEN,0.7568807339449541
hope_349,SAC,0.0
hope_349,VAC,0.069828722002635
hope_349,DIR,0.1633728590250329
hope_349,SAC,0.2957839262187088
hope_349,SAC,0.3306982872200263
hope_349,SAC,0.3689064558629776
hope_349,DIR,0.4361001317523056
hope_349,DIR,0.4934123847167325
hope_349,DIR,0.621870882740448
hope_349,DIR,0.6712779973649539
hope_349,QOP,0.7608695652173914
hope_349,QCL,0.9044795783926218
hope_349,QCL,0.9361001317523056
hope_352,VAC,0.0
hope_352,TEN,0.0656814449917898
hope_352,TSH,0.0656814449917898
hope_352,NIN,0.2208538587848932
hope_352,LMT,0.3267651888341543
hope_352,QOP,0.3875205254515599
hope_352,QCL,0.4146141215106732
hope_352,DIR,0.4893267651888341
hope_352,QCL,0.6231527093596059
hope_352,TSH,0.6986863711001642
hope_352,DIR,0.7996715927750411
hope_352,SIN,0.8768472906403941
hope_352,QOP,0.926929392446634
hope_352,QOP,0.955665024630542
hope_37,SAC,0.0
hope_37,DIR,0.0256991685563114
hope_37,DIR,0.0884353741496598
hope_37,RECT,0.1678004535147392
hope_37,DIR,0.1678004535147392
hope_37,RECT,0.2403628117913832
hope_37,DIR,0.2403628117913832
hope_37,RECT,0.3348450491307634
hope_37,DIR,0.3348450491307634
hope_37,SAC,0.3953136810279667
hope_37,VAC,0.4391534391534391
hope_37,SAC,0.5835222978080121
hope_37,DIR,0.7407407407407407
hope_37,SAC,0.8140589569160998
hope_37,SAC,0.8972033257747544
hope_37,QOP,0.9470899470899472
hope_37,QCL,0.979591836734694
hope_41,VAC,0.0
hope_41,TEN,0.3988439306358382
hope_41,TEN,0.476878612716763
hope_41,VAC,0.476878612716763
hope_41,QOP,0.7341040462427746
hope_41,QOP,0.884393063583815
hope_47,SAC,0.0
hope_47,VAC,0.0
hope_47,DIR,0.0429042904290429
hope_47,SAC,0.0803080308030803
hope_47,VAC,0.0803080308030803
hope_47,DIR,0.1837183718371837
hope_47,NAC,0.286028602860286
hope_47,SAC,0.4554455445544554
hope_47,NAC,0.4554455445544554
hope_47,NAC,0.5192519251925193
hope_47,TSH,0.5192519251925193
hope_47,NAC,0.6226622662266227
hope_47,SAC,0.7326732673267327
hope_47,VAC,0.7326732673267327
hope_47,QOP,0.8107810781078107
hope_47,QCL,0.9361936193619362
hope_5,VAC,0.0
hope_5,TEN,0.0693000693000693
hope_5,AUR,0.1379071379071379
hope_5,VAC,0.2335412335412335
hope_5,AUR,0.2494802494802495
hope_5,TEN,0.4365904365904366
hope_5,QCL,0.5239085239085239
hope_5,LMT,0.5592515592515592
hope_5,TEN,0.6368676368676369
hope_5,TEN,0.7616077616077616
hope_5,QOP,0.9251559251559252
hope_52,TEN,0.0
hope_52,VAC,0.0
hope_52,VAC,0.0403690888119953
hope_52,VAC,0.1626297577854671
hope_52,NAC,0.2998846597462514
hope_52,SAC,0.2998846597462514
hope_52,ASAC,0.4129181084198385
hope_52,QOP,0.5282583621683967
hope_52,QCL,0.6113033448673587
hope_52,DIR,0.7104959630911188
hope_52,QOP,0.8881199538638985
hope_52,QCL,0.9550173010380624
hope_58,SAC,0.024390243902439
hope_58,VAC,0.024390243902439
hope_58,DIR,0.2727272727272727
hope_58,TSH,0.2727272727272727
hope_58,QOP,0.6807095343680709
hope_58,QOP,0.8203991130820399
hope_63,SAC,0.0
hope_63,VAC,0.1572327044025157
hope_63,LMT,0.1823899371069182
hope_63,LMT,0.2285115303983228
hope_63,SAC,0.29979035639413
hope_63,VAC,0.4129979035639413
hope_63,LMT,0.4423480083857442
hope_63,LMT,0.5136268343815513
hope_63,SAC,0.5555555555555556
hope_63,QOP,0.6540880503144654
hope_63,QOP,0.8406708595387841
hope_66,LMT,0.0
hope_66,VAC,0.0196078431372549
hope_66,LMT,0.0558069381598793
hope_66,VAC,0.0558069381598793
hope_66,VAC,0.282051282051282
hope_66,TEN,0.306184012066365
hope_66,QOP,0.306184012066365
hope_66,TSH,0.306184012066365
hope_66,SAC,0.5128205128205128
hope_66,VAC,0.6621417797888386
hope_66,LMT,0.6621417797888386
hope_66,SAC,0.8642533936651584
hope_66,ASAC,0.8642533936651584
hope_68,MEN,0.0
hope_68,LMT,0.0149625935162094
hope_68,SAC,0.084788029925187
hope_68,SAC,0.1571072319201995
hope_68,SAC,0.1970074812967581
hope_68,VAC,0.2743142144638404
hope_68,SAC,0.4089775561097257
hope_68,TEN,0.4738154613466334
hope_68,NAC,0.6059850374064838
hope_68,VAC,0.8229426433915212
hope_7,TEN,0.0
hope_7,QCL,0.1464245175936435
hope_7,DIR,0.4483541430192962
hope_7,TEN,0.5641316685584563
hope_7,RECT,0.7003405221339387
hope_7,DIR,0.8070374574347332
hope_7,QOP,0.8898978433598184
hope_7,QOP,0.9409761634506244
hope_73,SAC,0.0
hope_73,LMT,0.0838971583220568
hope_73,AUR,0.2692828146143437
hope_73,DIR,0.3721244925575101
hope_73,QCL,0.4262516914749661
hope_73,SEN,0.4262516914749661
hope_73,SAC,0.543978349120433
hope_73,ASAC,0.543978349120433
hope_73,VAC,0.6792963464140731
hope_73,NAC,0.7469553450608931
hope_73,SAC,0.8294993234100135
hope_73,FIX,0.878213802435724
hope_73,RECT,0.878213802435724
hope_75,VIN,0.0
hope_75,AUR,0.0315091210613598
hope_75,VIN,0.2537313432835821
hope_75,SAC,0.3797678275290215
hope_75,SEN,0.4975124378109453
hope_75,DIR,0.4975124378109453
hope_75,QCL,0.6119402985074627
hope_75,QCL,0.8938640132669984
hope_75,QCL,0.9353233830845772
hope_93,VAC,0.0
hope_93,LMT,0.0515463917525773
hope_93,TEN,0.0515463917525773
hope_93,TEN,0.352101506740682
hope_93,QCL,0.3988897700237906
hope_93,QCL,0.4964314036478985
hope_93,VAC,0.5479777954004759
hope_93,SAC,0.7097541633624108
hope_93,DIR,0.7628865979381443
hope_93,RECT,0.7660586835844568
hope_93,QCL,0.9199048374306106
hope_94,VAC,0.0
hope_94,TEN,0.0044722719141323
hope_94,LMT,0.0536672629695885
hope_94,VAC,0.0966010733452593
hope_94,LMT,0.1010733452593917
hope_94,TEN,0.2048300536672629
hope_94,LMT,0.2254025044722719
hope_94,VAC,0.2486583184257602
hope_94,TEN,0.2567084078711986
hope_94,TEN,0.389087656529517
hope_94,VAC,0.4516994633273703
hope_94,QOP,0.4919499105545617
hope_94,TSH,0.5670840787119857
hope_94,VAC,0.6377459749552773
hope_94,VAC,0.7191413237924866
hope_94,QOP,0.7951699463327371
hope_94,QCL,0.8810375670840788
hope_95,MEN,0.0
hope_95,SAC,0.0061443932411674
hope_95,AUR,0.0261136712749615
hope_95,SAC,0.1267281105990783
hope_95,SAC,0.2081413210445468
hope_95,AUR,0.2334869431643625
hope_95,QOP,0.3202764976958525
hope_95,LMT,0.477726574500768
hope_95,AUR,0.5814132104454686
hope_95,TEN,0.6536098310291859
hope_95,AUR,0.7849462365591398
hope_95,NAC,0.9301075268817204
hope_95,QOP,0.9708141321044548
hope_96,LMT,0.0177195685670261
hope_96,VAC,0.12326656394453
hope_96,SAC,0.2696456086286595
hope_96,TSH,0.2896764252696456
hope_96,RECT,0.5053929121725732
hope_96,DIR,0.5053929121725732
hope_96,QOP,0.5778120184899846
hope_96,VAC,0.6810477657935285
hope_96,QCL,0.7896764252696457
hope_96,QOP,0.8266563944530047
hope_96,DIR,0.8605546995377504
hope_98,VAC,0.0
hope_98,NAC,0.0336605890603085
hope_98,SAC,0.1030855539971949
hope_98,TEN,0.2005610098176718
hope_98,AUR,0.2244039270687237
hope_98,LMT,0.2482468443197756
hope_98,TEN,0.2994389901823281
hope_98,AUR,0.2994389901823281
hope_98,TEN,0.3927068723702664
hope_98,NAC,0.4635343618513324
hope_98,VAC,0.5511921458625526
hope_98,AUR,0.5953716690042076
hope_98,TEN,0.5953716690042076
hope_98,AUR,0.6654978962131838
hope_98,TEN,0.6654978962131838
hope_98,SAC,0.7622720897615708
hope_98,QOP,0.8702664796633941
hope_98,QOP,0.9277699859747546
pair_13,VAC,0.0
pair_13,SAC,0.0387323943661971
pair_13,VAC,0.1056338028169014
pair_13,VAC,0.1774647887323943
pair_13,QOP,0.2373239436619718
pair_13,TSH,0.3056338028169014
pair_13,LMT,0.3408450704225352
pair_13,VAC,0.430281690140845
pair_13,QCL,0.4619718309859155
pair_13,QOP,0.5612676056338028
pair_13,TEN,0.6070422535211267
pair_13,VIN,0.6070422535211267
pair_13,SAC,0.7323943661971831
pair_13,TEN,0.8042253521126761
pair_13,QOP,0.9070422535211268
pair_17,VAC,0.0
pair_17,TEN,0.0
pair_17,LMT,0.0355263157894736
pair_17,VAC,0.1539473684210526
pair_17,TEN,0.2697368421052631
pair_17,NAC,0.2697368421052631
pair_17,VAC,0.4039473684210526
pair_17,NAC,0.4526315789473684
pair_17,VAC,0.7197368421052631
pair_17,QOP,0.7881578947368421
pair_17,VAC,0.8289473684210527
pair_17,TEN,0.8289473684210527
pair_25,VAC,0.0
pair_25,VAC,0.077683615819209
pair_25,TSH,0.1673728813559322
pair_25,TSH,0.1970338983050847
pair_25,TSH,0.2288135593220339
pair_25,TSH,0.2669491525423729
pair_25,TSH,0.3072033898305085
pair_25,TSH,0.3418079096045198
pair_25,QCL,0.3714689265536723
pair_25,QCL,0.4533898305084746
pair_25,TSH,0.5360169491525424
pair_25,RECT,0.5557909604519774
pair_25,RECT,0.6038135593220338
pair_25,RECT,0.653954802259887
pair_25,RECT,0.713276836158192
pair_25,VAC,0.7620056497175142
pair_25,NAC,0.7944915254237288
pair_25,DIR,0.8538135593220338
pair_25,QOP,0.943502824858757
pair_30,VAC,0.0
pair_30,NAC,0.0373134328358208
pair_30,VAC,0.059023066485753
pair_30,SAC,0.1051560379918588
pair_30,TEN,0.121438263229308
pair_30,QCL,0.2333785617367706
pair_30,QCL,0.2740841248303934
pair_30,QCL,0.3134328358208955
pair_30,RECT,0.3744911804613297
pair_30,RECT,0.4246947082767978
pair_30,NAC,0.4782903663500678
pair_30,DIR,0.5800542740841248
pair_30,DIR,0.6404341926729986
pair_30,DIR,0.6981004070556309
pair_30,VAC,0.7293080054274084
pair_30,TEN,0.7869742198100407
pair_30,RECT,0.810719131614654
pair_30,QCL,0.943012211668928
pair_31,VAC,0.019159456118665
pair_31,SAC,0.019159456118665
pair_31,DIR,0.0791100123609394
pair_31,FIX,0.0791100123609394
pair_31,DIR,0.1563658838071693
pair_31,AUR,0.1563658838071693
pair_31,DIR,0.226823238566131
pair_31,DIR,0.3182941903584672
pair_31,DIR,0.3510506798516687
pair_31,DIR,0.396168108776267
pair_31,DIR,0.4938195302843016
pair_31,DIR,0.5574783683559951
pair_31,DIR,0.6007416563658838
pair_31,RECT,0.7218788627935723
pair_31,RECT,0.7731767614338689
pair_31,RECT,0.8028430160692213
pair_31,RECT,0.84610630407911
pair_31,SEN,0.8881334981458591
pair_31,DIR,0.8881334981458591
pair_31,QCL,0.945611866501854
pair_32,SEN,0.0
pair_32,VAC,0.0281312793034159
pair_32,DIR,0.1781647689216343
pair_32,RECT,0.1982585398526457
pair_32,RECT,0.2786336235766912
pair_32,RECT,0.3328868050904219
pair_32,RECT,0.3697253851306095
pair_32,DIR,0.4219691895512391
pair_32,NAC,0.478231748158071
pair_32,RECT,0.550569323509712
pair_32,DIR,0.5934360348292029
pair_32,RECT,0.6617548559946417
pair_32,RECT,0.6999330207635633
pair_32,RECT,0.7361018084393838
pair_32,DIR,0.7937039517749498
pair_32,SAC,0.9176155391828532
pair_32,QOP,0.9544541192230408
pair_34,VAC,0.0
pair_34,LMT,0.0251937984496124
pair_34,TEN,0.0833333333333333
pair_34,LMT,0.189922480620155
pair_34,SEN,0.3701550387596899
pair_34,QCL,0.4903100775193798
pair_34,QCL,0.6782945736434108
pair_34,DIR,0.8042635658914729
pair_34,SAC,0.9554263565891472
pair_38,VAC,0.0
pair_38,NAC,0.1097984711605281
pair_38,DIR,0.1792911744266851
pair_38,TEN,0.2348853370396108
pair_38,VAC,0.2647671994440583
pair_38,SAC,0.3787352328005559
pair_38,DIR,0.4107018763029882
pair_38,DIR,0.4718554551772064
pair_38,DIR,0.5170257123002084
pair_38,RECT,0.6594857539958304
pair_38,RECT,0.7102154273801251
pair_38,RECT,0.7595552466990966
pair_38,SAC,0.8200138985406532
pair_38,SAC,0.8756080611535789
pair_38,QOP,0.9666435024322446
pair_40,DIR,0.0
pair_40,DIR,0.0523809523809523
pair_40,DIR,0.0968253968253968
pair_40,DIR,0.1626984126984127
pair_40,DIR,0.2515873015873016
pair_40,DIR,0.3182539682539682
pair_40,QOP,0.3555555555555555
pair_40,DIR,0.4095238095238095
pair_40,DIR,0.4904761904761904
pair_40,DIR,0.5412698412698412
pair_40,DIR,0.5785714285714286
pair_40,DIR,0.6166666666666667
pair_40,DIR,0.6849206349206349
pair_40,DIR,0.7555555555555555
pair_40,DIR,0.7817460317460317
pair_40,QOP,0.8642857142857143
pair_40,TEN,0.9293650793650794
pair_44,SEN,0.0
pair_44,VAC,0.0462585034013605
pair_44,NAC,0.0462585034013605
pair_44,DIR,0.1319727891156462
pair_44,DIR,0.1891156462585034
pair_44,DIR,0.2346938775510204
pair_44,DIR,0.2877551020408163
pair_44,DIR,0.3707482993197279
pair_44,DIR,0.4401360544217687
pair_44,DIR,0.4891156462585034
pair_44,DIR,0.5537414965986395
pair_44,DIR,0.6210884353741497
pair_44,DIR,0.680952380952381
pair_44,QCL,0.7353741496598639
pair_44,QCL,0.7571428571428571
pair_44,QCL,0.7843537414965986
pair_44,RECT,0.8108843537414966
pair_44,QOP,0.9122448979591836
pair_44,TSH,0.9122448979591836
